file_stem,file_name,relative_path,level_1_dir,level_2_dir,level_3_dir,quality_label,quality_reason,visible_chars,chinese_chars,english_chars,digits,abnormal_chars,punctuation_noise,garbled_segments,chinese_ratio,abnormal_ratio,noise_ratio,json_path
2018（306号OA）附件8：中国华能集团有限公司风力发电场绝缘监督标准（2018版）,2018（306号OA）附件8：中国华能集团有限公司风力发电场绝缘监督标准（2018版）.pdf,中国华能集团有限公司2025年度风电技术监督用标准\1-风电绝缘监督标准\2018（306号OA）附件8：中国华能集团有限公司风力发电场绝缘监督标准（2018版）.pdf,中国华能集团有限公司2025年度风电技术监督用标准,1-风电绝缘监督标准,2018（306号OA）附件8：中国华能集团有限公司风力发电场绝缘监督标准（2018版）.pdf,high_quality,readable_chinese_text,66500,47490,2627,7559,1,0,0,0.7141,0.0,0.0,E:\WORK\data\cleaned_text\中国华能集团有限公司2025年度风电技术监督用标准\1-风电绝缘监督标准\2018（306号OA）附件8：中国华能集团有限公司风力发电场绝缘监督标准（2018版）.json
DLT 555-2004 气体绝缘金属封闭开关设备现场耐压及绝缘试验导则,DLT 555-2004 气体绝缘金属封闭开关设备现场耐压及绝缘试验导则.pdf,中国华能集团有限公司2025年度风电技术监督用标准\1-风电绝缘监督标准\DLT 555-2004 气体绝缘金属封闭开关设备现场耐压及绝缘试验导则.pdf,中国华能集团有限公司2025年度风电技术监督用标准,1-风电绝缘监督标准,DLT 555-2004 气体绝缘金属封闭开关设备现场耐压及绝缘试验导则.pdf,high_quality,readable_chinese_text,6537,5007,463,458,0,0,2,0.7659,0.0,0.0,E:\WORK\data\cleaned_text\中国华能集团有限公司2025年度风电技术监督用标准\1-风电绝缘监督标准\DLT 555-2004 气体绝缘金属封闭开关设备现场耐压及绝缘试验导则.json
DLT 573-2021 电力变压器检修导则,DLT 573-2021 电力变压器检修导则.pdf,中国华能集团有限公司2025年度风电技术监督用标准\1-风电绝缘监督标准\DLT 573-2021 电力变压器检修导则.pdf,中国华能集团有限公司2025年度风电技术监督用标准,1-风电绝缘监督标准,DLT 573-2021 电力变压器检修导则.pdf,mixed_quality,partially_readable,52609,42418,2384,2725,5,0,4,0.8063,0.0001,0.0001,E:\WORK\data\cleaned_text\中国华能集团有限公司2025年度风电技术监督用标准\1-风电绝缘监督标准\DLT 573-2021 电力变压器检修导则.json
DLT 574-2021 电力变压器分接开关运行维修导则,DLT 574-2021 电力变压器分接开关运行维修导则.pdf,中国华能集团有限公司2025年度风电技术监督用标准\1-风电绝缘监督标准\DLT 574-2021 电力变压器分接开关运行维修导则.pdf,中国华能集团有限公司2025年度风电技术监督用标准,1-风电绝缘监督标准,DLT 574-2021 电力变压器分接开关运行维修导则.pdf,high_quality,readable_chinese_text,79653,60064,4796,5927,1,0,0,0.7541,0.0,0.0,E:\WORK\data\cleaned_text\中国华能集团有限公司2025年度风电技术监督用标准\1-风电绝缘监督标准\DLT 574-2021 电力变压器分接开关运行维修导则.json
DLT 620-1997 交流电气装置的过电压保护和绝缘配合,DLT 620-1997 交流电气装置的过电压保护和绝缘配合.pdf,中国华能集团有限公司2025年度风电技术监督用标准\1-风电绝缘监督标准\DLT 620-1997 交流电气装置的过电压保护和绝缘配合.pdf,中国华能集团有限公司2025年度风电技术监督用标准,1-风电绝缘监督标准,DLT 620-1997 交流电气装置的过电压保护和绝缘配合.pdf,high_quality,readable_chinese_text,31049,20740,2580,3392,0,0,2,0.668,0.0,0.0,E:\WORK\data\cleaned_text\中国华能集团有限公司2025年度风电技术监督用标准\1-风电绝缘监督标准\DLT 620-1997 交流电气装置的过电压保护和绝缘配合.json
DLT 725-2013 电力用电流互感器使用技术规范,DLT 725-2013 电力用电流互感器使用技术规范.pdf,中国华能集团有限公司2025年度风电技术监督用标准\1-风电绝缘监督标准\DLT 725-2013 电力用电流互感器使用技术规范.pdf,中国华能集团有限公司2025年度风电技术监督用标准,1-风电绝缘监督标准,DLT 725-2013 电力用电流互感器使用技术规范.pdf,low_quality,garbled_or_noisy,27873,27,13894,2876,2291,6,344,0.001,0.0822,0.0824,E:\WORK\data\cleaned_text\中国华能集团有限公司2025年度风电技术监督用标准\1-风电绝缘监督标准\DLT 725-2013 电力用电流互感器使用技术规范.json
DLT 726-2013 电力用电磁式电压互感器使用技术规范,DLT 726-2013 电力用电磁式电压互感器使用技术规范.pdf,中国华能集团有限公司2025年度风电技术监督用标准\1-风电绝缘监督标准\DLT 726-2013 电力用电磁式电压互感器使用技术规范.pdf,中国华能集团有限公司2025年度风电技术监督用标准,1-风电绝缘监督标准,DLT 726-2013 电力用电磁式电压互感器使用技术规范.pdf,low_quality,garbled_or_noisy,26672,18,13597,2768,1839,0,311,0.0007,0.0689,0.0689,E:\WORK\data\cleaned_text\中国华能集团有限公司2025年度风电技术监督用标准\1-风电绝缘监督标准\DLT 726-2013 电力用电磁式电压互感器使用技术规范.json
DLT 804-2014 交流电力系统金属氧化物避雷器使用导则,DLT 804-2014 交流电力系统金属氧化物避雷器使用导则.pdf,中国华能集团有限公司2025年度风电技术监督用标准\1-风电绝缘监督标准\DLT 804-2014 交流电力系统金属氧化物避雷器使用导则.pdf,中国华能集团有限公司2025年度风电技术监督用标准,1-风电绝缘监督标准,DLT 804-2014 交流电力系统金属氧化物避雷器使用导则.pdf,high_quality,readable_chinese_text,29961,21907,2186,2356,75,0,2,0.7312,0.0025,0.0025,E:\WORK\data\cleaned_text\中国华能集团有限公司2025年度风电技术监督用标准\1-风电绝缘监督标准\DLT 804-2014 交流电力系统金属氧化物避雷器使用导则.json
DLT 887-2004_杆塔工频接地电阻测量,DLT 887-2004_杆塔工频接地电阻测量.pdf,中国华能集团有限公司2025年度风电技术监督用标准\1-风电绝缘监督标准\DLT 887-2004_杆塔工频接地电阻测量.pdf,中国华能集团有限公司2025年度风电技术监督用标准,1-风电绝缘监督标准,DLT 887-2004_杆塔工频接地电阻测量.pdf,high_quality,readable_chinese_text,5596,3876,610,510,0,0,0,0.6926,0.0,0.0,E:\WORK\data\cleaned_text\中国华能集团有限公司2025年度风电技术监督用标准\1-风电绝缘监督标准\DLT 887-2004_杆塔工频接地电阻测量.json
DL∕T 475-2017 接地装置特性参数测量导则,DL∕T 475-2017 接地装置特性参数测量导则.pdf,中国华能集团有限公司2025年度风电技术监督用标准\1-风电绝缘监督标准\DL∕T 475-2017 接地装置特性参数测量导则.pdf,中国华能集团有限公司2025年度风电技术监督用标准,1-风电绝缘监督标准,DL∕T 475-2017 接地装置特性参数测量导则.pdf,mixed_quality,partially_readable,18321,13514,1488,1407,13,0,5,0.7376,0.0007,0.0007,E:\WORK\data\cleaned_text\中国华能集团有限公司2025年度风电技术监督用标准\1-风电绝缘监督标准\DL∕T 475-2017 接地装置特性参数测量导则.json
GB 50150-2016 电气装置安装工程电气设备交接试验标准,GB 50150-2016 电气装置安装工程电气设备交接试验标准.pdf,中国华能集团有限公司2025年度风电技术监督用标准\1-风电绝缘监督标准\GB 50150-2016 电气装置安装工程电气设备交接试验标准.pdf,中国华能集团有限公司2025年度风电技术监督用标准,1-风电绝缘监督标准,GB 50150-2016 电气装置安装工程电气设备交接试验标准.pdf,low_quality,garbled_or_noisy,76491,56381,4945,6891,119,0,38,0.7371,0.0016,0.0016,E:\WORK\data\cleaned_text\中国华能集团有限公司2025年度风电技术监督用标准\1-风电绝缘监督标准\GB 50150-2016 电气装置安装工程电气设备交接试验标准.json
GB∕T 25385-2019 风力发电机组 运行及维护要求,GB∕T 25385-2019 风力发电机组 运行及维护要求.pdf,中国华能集团有限公司2025年度风电技术监督用标准\1-风电绝缘监督标准\GB∕T 25385-2019 风力发电机组 运行及维护要求.pdf,中国华能集团有限公司2025年度风电技术监督用标准,1-风电绝缘监督标准,GB∕T 25385-2019 风力发电机组 运行及维护要求.pdf,low_quality,garbled_or_noisy,6063,97,1591,690,179,0,12,0.016,0.0295,0.0295,E:\WORK\data\cleaned_text\中国华能集团有限公司2025年度风电技术监督用标准\1-风电绝缘监督标准\GB∕T 25385-2019 风力发电机组 运行及维护要求.json
2018（306号OA）附件1：中国华能集团有限公司风力发电场电测监督标准（2018版）,2018（306号OA）附件1：中国华能集团有限公司风力发电场电测监督标准（2018版）.pdf,中国华能集团有限公司2025年度风电技术监督用标准\2-风电电测监督标准\反措、行业发文\2018（306号OA）附件1：中国华能集团有限公司风力发电场电测监督标准（2018版）.pdf,中国华能集团有限公司2025年度风电技术监督用标准,2-风电电测监督标准,反措、行业发文,high_quality,readable_chinese_text,24978,19306,700,2179,7,0,0,0.7729,0.0003,0.0003,E:\WORK\data\cleaned_text\中国华能集团有限公司2025年度风电技术监督用标准\2-风电电测监督标准\反措、行业发文\2018（306号OA）附件1：中国华能集团有限公司风力发电场电测监督标准（2018版）.json
QGDW 439-2010 多功能电测计量检验装置校准规范,QGDW 439-2010 多功能电测计量检验装置校准规范.pdf,中国华能集团有限公司2025年度风电技术监督用标准\2-风电电测监督标准\反措、行业发文\QGDW 439-2010 多功能电测计量检验装置校准规范.pdf,中国华能集团有限公司2025年度风电技术监督用标准,2-风电电测监督标准,反措、行业发文,high_quality,readable_chinese_text,315,257,0,20,2,0,0,0.8159,0.0063,0.0063,E:\WORK\data\cleaned_text\中国华能集团有限公司2025年度风电技术监督用标准\2-风电电测监督标准\反措、行业发文\QGDW 439-2010 多功能电测计量检验装置校准规范.json
Q_GDW 140-2006 交流采样测量装置运行检验管理规程,Q_GDW 140-2006 交流采样测量装置运行检验管理规程.pdf,中国华能集团有限公司2025年度风电技术监督用标准\2-风电电测监督标准\反措、行业发文\Q_GDW 140-2006 交流采样测量装置运行检验管理规程.pdf,中国华能集团有限公司2025年度风电技术监督用标准,2-风电电测监督标准,反措、行业发文,high_quality,readable_chinese_text,12583,9188,687,1118,22,0,0,0.7302,0.0017,0.0017,E:\WORK\data\cleaned_text\中国华能集团有限公司2025年度风电技术监督用标准\2-风电电测监督标准\反措、行业发文\Q_GDW 140-2006 交流采样测量装置运行检验管理规程.json
关于企业使用的非强检计量器具由企业依法自主管理的公告,关于企业使用的非强检计量器具由企业依法自主管理的公告.pdf,中国华能集团有限公司2025年度风电技术监督用标准\2-风电电测监督标准\反措、行业发文\关于企业使用的非强检计量器具由企业依法自主管理的公告.pdf,中国华能集团有限公司2025年度风电技术监督用标准,2-风电电测监督标准,反措、行业发文,high_quality,readable_chinese_text,482,432,0,11,0,0,0,0.8963,0.0,0.0,E:\WORK\data\cleaned_text\中国华能集团有限公司2025年度风电技术监督用标准\2-风电电测监督标准\反措、行业发文\关于企业使用的非强检计量器具由企业依法自主管理的公告.json
水利电力部门电测、热工计量仪表和装置检定、管理的规定（国务院国函【1986】59号,水利电力部门电测、热工计量仪表和装置检定、管理的规定（国务院国函【1986】59号.pdf,中国华能集团有限公司2025年度风电技术监督用标准\2-风电电测监督标准\反措、行业发文\水利电力部门电测、热工计量仪表和装置检定、管理的规定（国务院国函【1986】59号.pdf,中国华能集团有限公司2025年度风电技术监督用标准,2-风电电测监督标准,反措、行业发文,high_quality,readable_chinese_text,1162,1035,3,27,0,0,0,0.8907,0.0,0.0,E:\WORK\data\cleaned_text\中国华能集团有限公司2025年度风电技术监督用标准\2-风电电测监督标准\反措、行业发文\水利电力部门电测、热工计量仪表和装置检定、管理的规定（国务院国函【1986】59号.json
DLT 732-2000 电能表测量用光电采样器,DLT 732-2000 电能表测量用光电采样器.pdf,中国华能集团有限公司2025年度风电技术监督用标准\2-风电电测监督标准\设计、选型、制造\DLT 732-2000 电能表测量用光电采样器.pdf,中国华能集团有限公司2025年度风电技术监督用标准,2-风电电测监督标准,设计、选型、制造,mixed_quality,partially_readable,6264,4416,431,680,0,0,4,0.705,0.0,0.0,E:\WORK\data\cleaned_text\中国华能集团有限公司2025年度风电技术监督用标准\2-风电电测监督标准\设计、选型、制造\DLT 732-2000 电能表测量用光电采样器.json
DL_T 614-2007 多功能电能表,DL_T 614-2007 多功能电能表.pdf,中国华能集团有限公司2025年度风电技术监督用标准\2-风电电测监督标准\设计、选型、制造\DL_T 614-2007 多功能电能表.pdf,中国华能集团有限公司2025年度风电技术监督用标准,2-风电电测监督标准,设计、选型、制造,high_quality,readable_chinese_text,11264,7807,858,1225,2,0,0,0.6931,0.0002,0.0002,E:\WORK\data\cleaned_text\中国华能集团有限公司2025年度风电技术监督用标准\2-风电电测监督标准\设计、选型、制造\DL_T 614-2007 多功能电能表.json
GBT 13850-1998 交流电量转换为模拟量或数字信号的电测量变送器,GBT 13850-1998 交流电量转换为模拟量或数字信号的电测量变送器.pdf,中国华能集团有限公司2025年度风电技术监督用标准\2-风电电测监督标准\设计、选型、制造\GBT 13850-1998 交流电量转换为模拟量或数字信号的电测量变送器.pdf,中国华能集团有限公司2025年度风电技术监督用标准,2-风电电测监督标准,设计、选型、制造,high_quality,readable_chinese_text,11595,11595,0,0,0,0,0,1.0,0.0,0.0,E:\WORK\data\cleaned_text\中国华能集团有限公司2025年度风电技术监督用标准\2-风电电测监督标准\设计、选型、制造\GBT 13850-1998 交流电量转换为模拟量或数字信号的电测量变送器.json
JJF 1094-2002 测量仪器特性评定,JJF 1094-2002 测量仪器特性评定.pdf,中国华能集团有限公司2025年度风电技术监督用标准\2-风电电测监督标准\设计、选型、制造\JJF 1094-2002 测量仪器特性评定.pdf,中国华能集团有限公司2025年度风电技术监督用标准,2-风电电测监督标准,设计、选型、制造,high_quality,readable_chinese_text,9367,6722,780,765,6,0,0,0.7176,0.0006,0.0006,E:\WORK\data\cleaned_text\中国华能集团有限公司2025年度风电技术监督用标准\2-风电电测监督标准\设计、选型、制造\JJF 1094-2002 测量仪器特性评定.json
DLT 5137-2001 电测量及电能计量装置设计技术规程,DLT 5137-2001 电测量及电能计量装置设计技术规程.pdf,中国华能集团有限公司2025年度风电技术监督用标准\2-风电电测监督标准\运行、维护、检修\DLT 5137-2001 电测量及电能计量装置设计技术规程.pdf,中国华能集团有限公司2025年度风电技术监督用标准,2-风电电测监督标准,运行、维护、检修,high_quality,readable_chinese_text,36317,26667,2292,2906,2,0,1,0.7343,0.0001,0.0001,E:\WORK\data\cleaned_text\中国华能集团有限公司2025年度风电技术监督用标准\2-风电电测监督标准\运行、维护、检修\DLT 5137-2001 电测量及电能计量装置设计技术规程.json
JJF 1033-2023 计量标准考核规范,JJF 1033-2023 计量标准考核规范.pdf,中国华能集团有限公司2025年度风电技术监督用标准\2-风电电测监督标准\运行、维护、检修\JJF 1033-2023 计量标准考核规范.pdf,中国华能集团有限公司2025年度风电技术监督用标准,2-风电电测监督标准,运行、维护、检修,low_quality,garbled_or_noisy,36599,593,1529,1319,0,0,0,0.0162,0.0,0.0,E:\WORK\data\cleaned_text\中国华能集团有限公司2025年度风电技术监督用标准\2-风电电测监督标准\运行、维护、检修\JJF 1033-2023 计量标准考核规范.json
JJG 1189.3-2022 测量用互感器 第3部分：电力电流互感器 高清晰版,JJG 1189.3-2022 测量用互感器 第3部分：电力电流互感器 高清晰版.pdf,中国华能集团有限公司2025年度风电技术监督用标准\2-风电电测监督标准\运行、维护、检修\JJG 1189.3-2022 测量用互感器 第3部分：电力电流互感器 高清晰版.pdf,中国华能集团有限公司2025年度风电技术监督用标准,2-风电电测监督标准,运行、维护、检修,mixed_quality,partially_readable,11081,7232,1069,1112,26,0,4,0.6526,0.0023,0.0023,E:\WORK\data\cleaned_text\中国华能集团有限公司2025年度风电技术监督用标准\2-风电电测监督标准\运行、维护、检修\JJG 1189.3-2022 测量用互感器 第3部分：电力电流互感器 高清晰版.json
JJG 1189.4-2022 测量用互感器 第4部分：电力电压互感器,JJG 1189.4-2022 测量用互感器 第4部分：电力电压互感器.pdf,中国华能集团有限公司2025年度风电技术监督用标准\2-风电电测监督标准\运行、维护、检修\JJG 1189.4-2022 测量用互感器 第4部分：电力电压互感器.pdf,中国华能集团有限公司2025年度风电技术监督用标准,2-风电电测监督标准,运行、维护、检修,mixed_quality,partially_readable,12525,8262,1326,1255,20,0,4,0.6596,0.0016,0.0016,E:\WORK\data\cleaned_text\中国华能集团有限公司2025年度风电技术监督用标准\2-风电电测监督标准\运行、维护、检修\JJG 1189.4-2022 测量用互感器 第4部分：电力电压互感器.json
JJG 126-2022 工频交流电量测量变送器,JJG 126-2022 工频交流电量测量变送器.pdf,中国华能集团有限公司2025年度风电技术监督用标准\2-风电电测监督标准\运行、维护、检修\JJG 126-2022 工频交流电量测量变送器.pdf,中国华能集团有限公司2025年度风电技术监督用标准,2-风电电测监督标准,运行、维护、检修,mixed_quality,partially_readable,16002,10138,1948,1352,26,0,5,0.6335,0.0016,0.0016,E:\WORK\data\cleaned_text\中国华能集团有限公司2025年度风电技术监督用标准\2-风电电测监督标准\运行、维护、检修\JJG 126-2022 工频交流电量测量变送器.json
JJG 596-2012 电子式交流电能表,JJG 596-2012 电子式交流电能表.pdf,中国华能集团有限公司2025年度风电技术监督用标准\2-风电电测监督标准\运行、维护、检修\JJG 596-2012 电子式交流电能表.pdf,中国华能集团有限公司2025年度风电技术监督用标准,2-风电电测监督标准,运行、维护、检修,mixed_quality,partially_readable,15829,8195,2364,1686,80,0,3,0.5177,0.0051,0.0051,E:\WORK\data\cleaned_text\中国华能集团有限公司2025年度风电技术监督用标准\2-风电电测监督标准\运行、维护、检修\JJG 596-2012 电子式交流电能表.json
中华人民共和国计量法,中华人民共和国计量法.pdf,中国华能集团有限公司2025年度风电技术监督用标准\2-风电电测监督标准\运行、维护、检修\中华人民共和国计量法.pdf,中国华能集团有限公司2025年度风电技术监督用标准,2-风电电测监督标准,运行、维护、检修,high_quality,readable_chinese_text,2798,2590,0,0,0,0,0,0.9257,0.0,0.0,E:\WORK\data\cleaned_text\中国华能集团有限公司2025年度风电技术监督用标准\2-风电电测监督标准\运行、维护、检修\中华人民共和国计量法.json
中华人民共和国计量法实施细则,中华人民共和国计量法实施细则.pdf,中国华能集团有限公司2025年度风电技术监督用标准\2-风电电测监督标准\运行、维护、检修\中华人民共和国计量法实施细则.pdf,中国华能集团有限公司2025年度风电技术监督用标准,2-风电电测监督标准,运行、维护、检修,high_quality,readable_chinese_text,6387,5835,0,13,0,0,0,0.9136,0.0,0.0,E:\WORK\data\cleaned_text\中国华能集团有限公司2025年度风电技术监督用标准\2-风电电测监督标准\运行、维护、检修\中华人民共和国计量法实施细则.json
1--GB_T 19963-2011 风电场接入电力系统技术规定,1--GB_T 19963-2011 风电场接入电力系统技术规定.pdf,中国华能集团有限公司2025年度风电技术监督用标准\3-风电继保监督标准\1--GB_T 19963-2011 风电场接入电力系统技术规定.pdf,中国华能集团有限公司2025年度风电技术监督用标准,3-风电继保监督标准,1--GB_T 19963-2011 风电场接入电力系统技术规定.pdf,mixed_quality,partially_readable,6628,5010,456,615,0,0,3,0.7559,0.0,0.0,E:\WORK\data\cleaned_text\中国华能集团有限公司2025年度风电技术监督用标准\3-风电继保监督标准\1--GB_T 19963-2011 风电场接入电力系统技术规定.json
116--GB 50172-2012 电气装置安装工程蓄电池施工及验收规范,116--GB 50172-2012 电气装置安装工程蓄电池施工及验收规范.pdf,中国华能集团有限公司2025年度风电技术监督用标准\3-风电继保监督标准\116--GB 50172-2012 电气装置安装工程蓄电池施工及验收规范.pdf,中国华能集团有限公司2025年度风电技术监督用标准,3-风电继保监督标准,116--GB 50172-2012 电气装置安装工程蓄电池施工及验收规范.pdf,low_quality,garbled_or_noisy,7832,5189,934,560,9,0,10,0.6625,0.0011,0.0011,E:\WORK\data\cleaned_text\中国华能集团有限公司2025年度风电技术监督用标准\3-风电继保监督标准\116--GB 50172-2012 电气装置安装工程蓄电池施工及验收规范.json
14--国家电网设备〔2018〕979号　国家电网有限公司关于印发十八项电网重大反事故措施（修订版）的通知,14--国家电网设备〔2018〕979号　国家电网有限公司关于印发十八项电网重大反事故措施（修订版）的通知.pdf,中国华能集团有限公司2025年度风电技术监督用标准\3-风电继保监督标准\14--国家电网设备〔2018〕979号　国家电网有限公司关于印发十八项电网重大反事故措施（修订版）的通知.pdf,中国华能集团有限公司2025年度风电技术监督用标准,3-风电继保监督标准,14--国家电网设备〔2018〕979号　国家电网有限公司关于印发十八项电网重大反事故措施（修订版）的通知.pdf,high_quality,readable_chinese_text,214335,157685,2962,24970,19,0,0,0.7357,0.0001,0.0001,E:\WORK\data\cleaned_text\中国华能集团有限公司2025年度风电技术监督用标准\3-风电继保监督标准\14--国家电网设备〔2018〕979号 国家电网有限公司关于印发十八项电网重大反事故措施（修订版）的通知.json
17--2018（306号OA）附件4：中国华能集团有限公司风力发电场继电保护及安全自动装置监督标准（2018版）,17--2018（306号OA）附件4：中国华能集团有限公司风力发电场继电保护及安全自动装置监督标准（2018版）.pdf,中国华能集团有限公司2025年度风电技术监督用标准\3-风电继保监督标准\17--2018（306号OA）附件4：中国华能集团有限公司风力发电场继电保护及安全自动装置监督标准（2018版）.pdf,中国华能集团有限公司2025年度风电技术监督用标准,3-风电继保监督标准,17--2018（306号OA）附件4：中国华能集团有限公司风力发电场继电保护及安全自动装置监督标准（2018版）.pdf,high_quality,readable_chinese_text,91375,71030,2645,7584,20,0,0,0.7773,0.0002,0.0002,E:\WORK\data\cleaned_text\中国华能集团有限公司2025年度风电技术监督用标准\3-风电继保监督标准\17--2018（306号OA）附件4：中国华能集团有限公司风力发电场继电保护及安全自动装置监督标准（2018版）.json
19--QHN-1-0000.08.049-2015 中国华能集团公司电力技术监督管理办法,19--QHN-1-0000.08.049-2015 中国华能集团公司电力技术监督管理办法.pdf,中国华能集团有限公司2025年度风电技术监督用标准\3-风电继保监督标准\19--QHN-1-0000.08.049-2015 中国华能集团公司电力技术监督管理办法.pdf,中国华能集团有限公司2025年度风电技术监督用标准,3-风电继保监督标准,19--QHN-1-0000.08.049-2015 中国华能集团公司电力技术监督管理办法.pdf,high_quality,readable_chinese_text,15850,12667,185,1016,0,0,0,0.7992,0.0,0.0,E:\WORK\data\cleaned_text\中国华能集团有限公司2025年度风电技术监督用标准\3-风电继保监督标准\19--QHN-1-0000.08.049-2015 中国华能集团公司电力技术监督管理办法.json
2--NB_T 31003-2011 大型风电场并网设计技术规范,2--NB_T 31003-2011 大型风电场并网设计技术规范.pdf,中国华能集团有限公司2025年度风电技术监督用标准\3-风电继保监督标准\2--NB_T 31003-2011 大型风电场并网设计技术规范.pdf,中国华能集团有限公司2025年度风电技术监督用标准,3-风电继保监督标准,2--NB_T 31003-2011 大型风电场并网设计技术规范.pdf,high_quality,readable_chinese_text,9810,7340,704,844,3,0,1,0.7482,0.0003,0.0003,E:\WORK\data\cleaned_text\中国华能集团有限公司2025年度风电技术监督用标准\3-风电继保监督标准\2--NB_T 31003-2011 大型风电场并网设计技术规范.json
20--调继【2005】222号 国家电网公司十八项电网重大反事故措施（试行）继电保护专业重点实施要求,20--调继【2005】222号 国家电网公司十八项电网重大反事故措施（试行）继电保护专业重点实施要求.pdf,中国华能集团有限公司2025年度风电技术监督用标准\3-风电继保监督标准\20--调继【2005】222号 国家电网公司十八项电网重大反事故措施（试行）继电保护专业重点实施要求.pdf,中国华能集团有限公司2025年度风电技术监督用标准,3-风电继保监督标准,20--调继【2005】222号 国家电网公司十八项电网重大反事故措施（试行）继电保护专业重点实施要求.pdf,high_quality,readable_chinese_text,22931,18775,242,1651,0,0,0,0.8188,0.0,0.0,E:\WORK\data\cleaned_text\中国华能集团有限公司2025年度风电技术监督用标准\3-风电继保监督标准\20--调继【2005】222号 国家电网公司十八项电网重大反事故措施（试行）继电保护专业重点实施要求.json
26--DL_T_5383-2007 风力发电场设计技术规范,26--DL_T_5383-2007 风力发电场设计技术规范.pdf,中国华能集团有限公司2025年度风电技术监督用标准\3-风电继保监督标准\26--DL_T_5383-2007 风力发电场设计技术规范.pdf,中国华能集团有限公司2025年度风电技术监督用标准,3-风电继保监督标准,26--DL_T_5383-2007 风力发电场设计技术规范.pdf,high_quality,readable_chinese_text,2825,2443,17,129,0,0,0,0.8648,0.0,0.0,E:\WORK\data\cleaned_text\中国华能集团有限公司2025年度风电技术监督用标准\3-风电继保监督标准\26--DL_T_5383-2007 风力发电场设计技术规范.json
5--GB_T 14285-2006 继电保护和安全自动装置技术规程,5--GB_T 14285-2006 继电保护和安全自动装置技术规程.pdf,中国华能集团有限公司2025年度风电技术监督用标准\3-风电继保监督标准\5--GB_T 14285-2006 继电保护和安全自动装置技术规程.pdf,中国华能集团有限公司2025年度风电技术监督用标准,3-风电继保监督标准,5--GB_T 14285-2006 继电保护和安全自动装置技术规程.pdf,mixed_quality,partially_readable,48619,38574,1715,3376,0,0,7,0.7934,0.0,0.0,E:\WORK\data\cleaned_text\中国华能集团有限公司2025年度风电技术监督用标准\3-风电继保监督标准\5--GB_T 14285-2006 继电保护和安全自动装置技术规程.json
57--DL_T 280-2012 电力系统同步相量测量装置通用技术条件,57--DL_T 280-2012 电力系统同步相量测量装置通用技术条件.pdf,中国华能集团有限公司2025年度风电技术监督用标准\3-风电继保监督标准\57--DL_T 280-2012 电力系统同步相量测量装置通用技术条件.pdf,中国华能集团有限公司2025年度风电技术监督用标准,3-风电继保监督标准,57--DL_T 280-2012 电力系统同步相量测量装置通用技术条件.pdf,high_quality,readable_chinese_text,10143,6561,819,1440,2,0,1,0.6469,0.0002,0.0002,E:\WORK\data\cleaned_text\中国华能集团有限公司2025年度风电技术监督用标准\3-风电继保监督标准\57--DL_T 280-2012 电力系统同步相量测量装置通用技术条件.json
69--DLT 781-2001电力用高频开关整流模块,69--DLT 781-2001电力用高频开关整流模块.pdf,中国华能集团有限公司2025年度风电技术监督用标准\3-风电继保监督标准\69--DLT 781-2001电力用高频开关整流模块.pdf,中国华能集团有限公司2025年度风电技术监督用标准,3-风电继保监督标准,69--DLT 781-2001电力用高频开关整流模块.pdf,high_quality,readable_chinese_text,5608,3597,557,665,1,0,0,0.6414,0.0002,0.0002,E:\WORK\data\cleaned_text\中国华能集团有限公司2025年度风电技术监督用标准\3-风电继保监督标准\69--DLT 781-2001电力用高频开关整流模块.json
9--DL_T 724-2000 电力系统用蓄电池直流电源装置运行与维护技术规程,9--DL_T 724-2000 电力系统用蓄电池直流电源装置运行与维护技术规程.pdf,中国华能集团有限公司2025年度风电技术监督用标准\3-风电继保监督标准\9--DL_T 724-2000 电力系统用蓄电池直流电源装置运行与维护技术规程.pdf,中国华能集团有限公司2025年度风电技术监督用标准,3-风电继保监督标准,9--DL_T 724-2000 电力系统用蓄电池直流电源装置运行与维护技术规程.pdf,mixed_quality,partially_readable,10978,8701,904,846,48,0,8,0.7926,0.0044,0.0044,E:\WORK\data\cleaned_text\中国华能集团有限公司2025年度风电技术监督用标准\3-风电继保监督标准\9--DL_T 724-2000 电力系统用蓄电池直流电源装置运行与维护技术规程.json
DLT 1074-2019电力用直流和交流一体化不间断电源,DLT 1074-2019电力用直流和交流一体化不间断电源.pdf,中国华能集团有限公司2025年度风电技术监督用标准\3-风电继保监督标准\DLT 1074-2019电力用直流和交流一体化不间断电源.pdf,中国华能集团有限公司2025年度风电技术监督用标准,3-风电继保监督标准,DLT 1074-2019电力用直流和交流一体化不间断电源.pdf,high_quality,readable_chinese_text,27864,17922,2446,3381,10,0,2,0.6432,0.0004,0.0004,E:\WORK\data\cleaned_text\中国华能集团有限公司2025年度风电技术监督用标准\3-风电继保监督标准\DLT 1074-2019电力用直流和交流一体化不间断电源.json
DLT 357-2019 输电线路行波故障测距装置技术条件,DLT 357-2019 输电线路行波故障测距装置技术条件.pdf,中国华能集团有限公司2025年度风电技术监督用标准\3-风电继保监督标准\DLT 357-2019 输电线路行波故障测距装置技术条件.pdf,中国华能集团有限公司2025年度风电技术监督用标准,3-风电继保监督标准,DLT 357-2019 输电线路行波故障测距装置技术条件.pdf,high_quality,readable_chinese_text,15331,9830,1505,2120,4,0,1,0.6412,0.0003,0.0003,E:\WORK\data\cleaned_text\中国华能集团有限公司2025年度风电技术监督用标准\3-风电继保监督标准\DLT 357-2019 输电线路行波故障测距装置技术条件.json
GBT 26399-2011 电力系统安全稳定控制技术导则,GBT 26399-2011 电力系统安全稳定控制技术导则.pdf,中国华能集团有限公司2025年度风电技术监督用标准\3-风电继保监督标准\GBT 26399-2011 电力系统安全稳定控制技术导则.pdf,中国华能集团有限公司2025年度风电技术监督用标准,3-风电继保监督标准,GBT 26399-2011 电力系统安全稳定控制技术导则.pdf,high_quality,readable_chinese_text,14262,11829,492,607,0,0,2,0.8294,0.0,0.0,E:\WORK\data\cleaned_text\中国华能集团有限公司2025年度风电技术监督用标准\3-风电继保监督标准\GBT 26399-2011 电力系统安全稳定控制技术导则.json
GBT 37911.2-2019 电力系统北斗卫星授时应用接口 第2部分：检测规范,GBT 37911.2-2019 电力系统北斗卫星授时应用接口 第2部分：检测规范.pdf,中国华能集团有限公司2025年度风电技术监督用标准\3-风电继保监督标准\GBT 37911.2-2019 电力系统北斗卫星授时应用接口 第2部分：检测规范.pdf,中国华能集团有限公司2025年度风电技术监督用标准,3-风电继保监督标准,GBT 37911.2-2019 电力系统北斗卫星授时应用接口 第2部分：检测规范.pdf,low_quality,garbled_or_noisy,8137,397,1867,1530,203,0,11,0.0488,0.0249,0.0249,E:\WORK\data\cleaned_text\中国华能集团有限公司2025年度风电技术监督用标准\3-风电继保监督标准\GBT 37911.2-2019 电力系统北斗卫星授时应用接口 第2部分：检测规范.json
GBT 40588-2021电力系统自动低压减负荷技术规定,GBT 40588-2021电力系统自动低压减负荷技术规定.pdf,中国华能集团有限公司2025年度风电技术监督用标准\3-风电继保监督标准\GBT 40588-2021电力系统自动低压减负荷技术规定.pdf,中国华能集团有限公司2025年度风电技术监督用标准,3-风电继保监督标准,GBT 40588-2021电力系统自动低压减负荷技术规定.pdf,low_quality,garbled_or_noisy,1776,203,350,338,32,0,4,0.1143,0.018,0.018,E:\WORK\data\cleaned_text\中国华能集团有限公司2025年度风电技术监督用标准\3-风电继保监督标准\GBT 40588-2021电力系统自动低压减负荷技术规定.json
GBT 40592-2021电力系统自动高频切除发电机组技术规定,GBT 40592-2021电力系统自动高频切除发电机组技术规定.pdf,中国华能集团有限公司2025年度风电技术监督用标准\3-风电继保监督标准\GBT 40592-2021电力系统自动高频切除发电机组技术规定.pdf,中国华能集团有限公司2025年度风电技术监督用标准,3-风电继保监督标准,GBT 40592-2021电力系统自动高频切除发电机组技术规定.pdf,high_quality,readable_chinese_text,5812,3898,80,553,0,0,0,0.6707,0.0,0.0,E:\WORK\data\cleaned_text\中国华能集团有限公司2025年度风电技术监督用标准\3-风电继保监督标准\GBT 40592-2021电力系统自动高频切除发电机组技术规定.json
GBT 40599-2021继电保护及安全自动装置在线监视与分析技术规范,GBT 40599-2021继电保护及安全自动装置在线监视与分析技术规范.pdf,中国华能集团有限公司2025年度风电技术监督用标准\3-风电继保监督标准\GBT 40599-2021继电保护及安全自动装置在线监视与分析技术规范.pdf,中国华能集团有限公司2025年度风电技术监督用标准,3-风电继保监督标准,GBT 40599-2021继电保护及安全自动装置在线监视与分析技术规范.pdf,low_quality,garbled_or_noisy,7123,343,1884,866,180,0,13,0.0482,0.0253,0.0253,E:\WORK\data\cleaned_text\中国华能集团有限公司2025年度风电技术监督用标准\3-风电继保监督标准\GBT 40599-2021继电保护及安全自动装置在线监视与分析技术规范.json
防止电力生产事故的二十五项重点要求（2023版）,防止电力生产事故的二十五项重点要求（2023版）.pdf,中国华能集团有限公司2025年度风电技术监督用标准\3-风电继保监督标准\防止电力生产事故的二十五项重点要求（2023版）.pdf,中国华能集团有限公司2025年度风电技术监督用标准,3-风电继保监督标准,防止电力生产事故的二十五项重点要求（2023版）.pdf,high_quality,readable_chinese_text,194163,157115,2763,14042,66,0,0,0.8092,0.0003,0.0003,E:\WORK\data\cleaned_text\中国华能集团有限公司2025年度风电技术监督用标准\3-风电继保监督标准\防止电力生产事故的二十五项重点要求（2023版）.json
Q／ HN—1—0000.08.012 — 2014  扉页,Q／ HN—1—0000.08.012 — 2014  扉页.pdf,中国华能集团有限公司2025年度风电技术监督用标准\3-风电继保监督标准\130-- QHN-1-0000.08.012-2014风力发电场运行导则\Q／ HN—1—0000.08.012 — 2014  扉页.pdf,中国华能集团有限公司2025年度风电技术监督用标准,3-风电继保监督标准,130-- QHN-1-0000.08.012-2014风力发电场运行导则,high_quality,readable_chinese_text,106,38,12,34,0,0,0,0.3585,0.0,0.0,E:\WORK\data\cleaned_text\中国华能集团有限公司2025年度风电技术监督用标准\3-风电继保监督标准\130-- QHN-1-0000.08.012-2014风力发电场运行导则\Q／ HN—1—0000.08.012 — 2014 扉页.json
Q／ HN—1—0000.08.012 — 2014  正文,Q／ HN—1—0000.08.012 — 2014  正文.pdf,中国华能集团有限公司2025年度风电技术监督用标准\3-风电继保监督标准\130-- QHN-1-0000.08.012-2014风力发电场运行导则\Q／ HN—1—0000.08.012 — 2014  正文.pdf,中国华能集团有限公司2025年度风电技术监督用标准,3-风电继保监督标准,130-- QHN-1-0000.08.012-2014风力发电场运行导则,high_quality,readable_chinese_text,42282,33478,1215,2506,0,0,0,0.7918,0.0,0.0,E:\WORK\data\cleaned_text\中国华能集团有限公司2025年度风电技术监督用标准\3-风电继保监督标准\130-- QHN-1-0000.08.012-2014风力发电场运行导则\Q／ HN—1—0000.08.012 — 2014 正文.json
Q／ HN—1—0000.08.012 — 2014  版权,Q／ HN—1—0000.08.012 — 2014  版权.pdf,中国华能集团有限公司2025年度风电技术监督用标准\3-风电继保监督标准\130-- QHN-1-0000.08.012-2014风力发电场运行导则\Q／ HN—1—0000.08.012 — 2014  版权.pdf,中国华能集团有限公司2025年度风电技术监督用标准,3-风电继保监督标准,130-- QHN-1-0000.08.012-2014风力发电场运行导则,high_quality,readable_chinese_text,287,157,26,70,0,0,0,0.547,0.0,0.0,E:\WORK\data\cleaned_text\中国华能集团有限公司2025年度风电技术监督用标准\3-风电继保监督标准\130-- QHN-1-0000.08.012-2014风力发电场运行导则\Q／ HN—1—0000.08.012 — 2014 版权.json
扉页,扉页.pdf,中国华能集团有限公司2025年度风电技术监督用标准\3-风电继保监督标准\131QHN-1-0000.08.013-2014风力发电场检修与维护管理导则\扉页.pdf,中国华能集团有限公司2025年度风电技术监督用标准,3-风电继保监督标准,131QHN-1-0000.08.013-2014风力发电场检修与维护管理导则,high_quality,readable_chinese_text,111,43,12,34,0,0,0,0.3874,0.0,0.0,E:\WORK\data\cleaned_text\中国华能集团有限公司2025年度风电技术监督用标准\3-风电继保监督标准\131QHN-1-0000.08.013-2014风力发电场检修与维护管理导则\扉页.json
正文,正文.pdf,中国华能集团有限公司2025年度风电技术监督用标准\3-风电继保监督标准\131QHN-1-0000.08.013-2014风力发电场检修与维护管理导则\正文.pdf,中国华能集团有限公司2025年度风电技术监督用标准,3-风电继保监督标准,131QHN-1-0000.08.013-2014风力发电场检修与维护管理导则,high_quality,readable_chinese_text,40073,29815,1097,3858,238,0,0,0.744,0.0059,0.0059,E:\WORK\data\cleaned_text\中国华能集团有限公司2025年度风电技术监督用标准\3-风电继保监督标准\131QHN-1-0000.08.013-2014风力发电场检修与维护管理导则\正文.json
版权,版权.pdf,中国华能集团有限公司2025年度风电技术监督用标准\3-风电继保监督标准\131QHN-1-0000.08.013-2014风力发电场检修与维护管理导则\版权.pdf,中国华能集团有限公司2025年度风电技术监督用标准,3-风电继保监督标准,131QHN-1-0000.08.013-2014风力发电场检修与维护管理导则,high_quality,readable_chinese_text,292,162,26,70,0,0,0,0.5548,0.0,0.0,E:\WORK\data\cleaned_text\中国华能集团有限公司2025年度风电技术监督用标准\3-风电继保监督标准\131QHN-1-0000.08.013-2014风力发电场检修与维护管理导则\版权.json
BQ,BQ.pdf,中国华能集团有限公司2025年度风电技术监督用标准\3-风电继保监督标准\18--98 QHN-1-0000.08.015-2014风力发电场检修与维护技术导则（电控系统分册）\BQ.pdf,中国华能集团有限公司2025年度风电技术监督用标准,3-风电继保监督标准,18--98 QHN-1-0000.08.015-2014风力发电场检修与维护技术导则（电控系统分册）,high_quality,readable_chinese_text,298,166,26,70,0,0,0,0.557,0.0,0.0,E:\WORK\data\cleaned_text\中国华能集团有限公司2025年度风电技术监督用标准\3-风电继保监督标准\18--98 QHN-1-0000.08.015-2014风力发电场检修与维护技术导则（电控系统分册）\BQ.json
FY,FY.pdf,中国华能集团有限公司2025年度风电技术监督用标准\3-风电继保监督标准\18--98 QHN-1-0000.08.015-2014风力发电场检修与维护技术导则（电控系统分册）\FY.pdf,中国华能集团有限公司2025年度风电技术监督用标准,3-风电继保监督标准,18--98 QHN-1-0000.08.015-2014风力发电场检修与维护技术导则（电控系统分册）,high_quality,readable_chinese_text,117,47,12,34,0,0,0,0.4017,0.0,0.0,E:\WORK\data\cleaned_text\中国华能集团有限公司2025年度风电技术监督用标准\3-风电继保监督标准\18--98 QHN-1-0000.08.015-2014风力发电场检修与维护技术导则（电控系统分册）\FY.json
zw,zw.pdf,中国华能集团有限公司2025年度风电技术监督用标准\3-风电继保监督标准\18--98 QHN-1-0000.08.015-2014风力发电场检修与维护技术导则（电控系统分册）\zw.pdf,中国华能集团有限公司2025年度风电技术监督用标准,3-风电继保监督标准,18--98 QHN-1-0000.08.015-2014风力发电场检修与维护技术导则（电控系统分册）,high_quality,readable_chinese_text,88211,67417,3974,6223,0,0,0,0.7643,0.0,0.0,E:\WORK\data\cleaned_text\中国华能集团有限公司2025年度风电技术监督用标准\3-风电继保监督标准\18--98 QHN-1-0000.08.015-2014风力发电场检修与维护技术导则（电控系统分册）\zw.json
1--GB_T 12325-2008供电电压偏差,1--GB_T 12325-2008供电电压偏差.pdf,中国华能集团有限公司2025年度风电技术监督用标准\4-风电电能监督标准\1--GB_T 12325-2008供电电压偏差.pdf,中国华能集团有限公司2025年度风电技术监督用标准,4-风电电能监督标准,1--GB_T 12325-2008供电电压偏差.pdf,high_quality,readable_chinese_text,695,290,255,80,0,0,0,0.4173,0.0,0.0,E:\WORK\data\cleaned_text\中国华能集团有限公司2025年度风电技术监督用标准\4-风电电能监督标准\1--GB_T 12325-2008供电电压偏差.json
18--DLT 1028-2006 电能质量测试分析仪检定规程,18--DLT 1028-2006 电能质量测试分析仪检定规程.pdf,中国华能集团有限公司2025年度风电技术监督用标准\4-风电电能监督标准\18--DLT 1028-2006 电能质量测试分析仪检定规程.pdf,中国华能集团有限公司2025年度风电技术监督用标准,4-风电电能监督标准,18--DLT 1028-2006 电能质量测试分析仪检定规程.pdf,low_quality,garbled_or_noisy,840,100,600,0,0,0,0,0.119,0.0,0.0,E:\WORK\data\cleaned_text\中国华能集团有限公司2025年度风电技术监督用标准\4-风电电能监督标准\18--DLT 1028-2006 电能质量测试分析仪检定规程.json
35--NB_T 31054-2014凤电机组电网适应性测试规程,35--NB_T 31054-2014凤电机组电网适应性测试规程.PDF,中国华能集团有限公司2025年度风电技术监督用标准\4-风电电能监督标准\35--NB_T 31054-2014凤电机组电网适应性测试规程.PDF,中国华能集团有限公司2025年度风电技术监督用标准,4-风电电能监督标准,35--NB_T 31054-2014凤电机组电网适应性测试规程.PDF,mixed_quality,partially_readable,7492,5435,626,642,9,0,7,0.7254,0.0012,0.0012,E:\WORK\data\cleaned_text\中国华能集团有限公司2025年度风电技术监督用标准\4-风电电能监督标准\35--NB_T 31054-2014凤电机组电网适应性测试规程.json
4--GB_T 15543-2008三相电压不平衡,4--GB_T 15543-2008三相电压不平衡.pdf,中国华能集团有限公司2025年度风电技术监督用标准\4-风电电能监督标准\4--GB_T 15543-2008三相电压不平衡.pdf,中国华能集团有限公司2025年度风电技术监督用标准,4-风电电能监督标准,4--GB_T 15543-2008三相电压不平衡.pdf,high_quality,readable_chinese_text,695,290,255,80,0,0,0,0.4173,0.0,0.0,E:\WORK\data\cleaned_text\中国华能集团有限公司2025年度风电技术监督用标准\4-风电电能监督标准\4--GB_T 15543-2008三相电压不平衡.json
9--GB_T 19963-2011 风电场接入电力系统技术规定,9--GB_T 19963-2011 风电场接入电力系统技术规定.pdf,中国华能集团有限公司2025年度风电技术监督用标准\4-风电电能监督标准\9--GB_T 19963-2011 风电场接入电力系统技术规定.pdf,中国华能集团有限公司2025年度风电技术监督用标准,4-风电电能监督标准,9--GB_T 19963-2011 风电场接入电力系统技术规定.pdf,mixed_quality,partially_readable,6692,4936,440,748,0,0,3,0.7376,0.0,0.0,E:\WORK\data\cleaned_text\中国华能集团有限公司2025年度风电技术监督用标准\4-风电电能监督标准\9--GB_T 19963-2011 风电场接入电力系统技术规定.json
GBT 40427-2021电力系统电压和无功电力技术导则,GBT 40427-2021电力系统电压和无功电力技术导则.pdf,中国华能集团有限公司2025年度风电技术监督用标准\4-风电电能监督标准\GBT 40427-2021电力系统电压和无功电力技术导则.pdf,中国华能集团有限公司2025年度风电技术监督用标准,4-风电电能监督标准,GBT 40427-2021电力系统电压和无功电力技术导则.pdf,low_quality,garbled_or_noisy,4551,319,1147,767,104,0,11,0.0701,0.0229,0.0229,E:\WORK\data\cleaned_text\中国华能集团有限公司2025年度风电技术监督用标准\4-风电电能监督标准\GBT 40427-2021电力系统电压和无功电力技术导则.json
GBT 40586-2021并网电源涉网保护技术要求,GBT 40586-2021并网电源涉网保护技术要求.pdf,中国华能集团有限公司2025年度风电技术监督用标准\4-风电电能监督标准\GBT 40586-2021并网电源涉网保护技术要求.pdf,中国华能集团有限公司2025年度风电技术监督用标准,4-风电电能监督标准,GBT 40586-2021并网电源涉网保护技术要求.pdf,low_quality,garbled_or_noisy,6949,619,2068,1056,188,0,21,0.0891,0.0271,0.0271,E:\WORK\data\cleaned_text\中国华能集团有限公司2025年度风电技术监督用标准\4-风电电能监督标准\GBT 40586-2021并网电源涉网保护技术要求.json
GBT 40607-2021调度侧风电或光伏功率预测系统技术要求,GBT 40607-2021调度侧风电或光伏功率预测系统技术要求.pdf,中国华能集团有限公司2025年度风电技术监督用标准\4-风电电能监督标准\GBT 40607-2021调度侧风电或光伏功率预测系统技术要求.pdf,中国华能集团有限公司2025年度风电技术监督用标准,4-风电电能监督标准,GBT 40607-2021调度侧风电或光伏功率预测系统技术要求.pdf,mixed_quality,partially_readable,3864,533,562,495,127,0,7,0.1379,0.0329,0.0329,E:\WORK\data\cleaned_text\中国华能集团有限公司2025年度风电技术监督用标准\4-风电电能监督标准\GBT 40607-2021调度侧风电或光伏功率预测系统技术要求.json
GBT 40615-2021电力系统电压稳定评价导则,GBT 40615-2021电力系统电压稳定评价导则.pdf,中国华能集团有限公司2025年度风电技术监督用标准\4-风电电能监督标准\GBT 40615-2021电力系统电压稳定评价导则.pdf,中国华能集团有限公司2025年度风电技术监督用标准,4-风电电能监督标准,GBT 40615-2021电力系统电压稳定评价导则.pdf,low_quality,garbled_or_noisy,2433,141,522,382,56,0,3,0.058,0.023,0.023,E:\WORK\data\cleaned_text\中国华能集团有限公司2025年度风电技术监督用标准\4-风电电能监督标准\GBT 40615-2021电力系统电压稳定评价导则.json
Q／ HN—1—0000.08.012 — 2014  扉页,Q／ HN—1—0000.08.012 — 2014  扉页.pdf,中国华能集团有限公司2025年度风电技术监督用标准\4-风电电能监督标准\QHN-1-0000.08.012 -2014   风力发电场运行导则\3-31  10：30  Q／ HN—1—0000.08.012 — 2014   PDF\Q／ HN—1—0000.08.012 — 2014  扉页.pdf,中国华能集团有限公司2025年度风电技术监督用标准,4-风电电能监督标准,QHN-1-0000.08.012 -2014   风力发电场运行导则,high_quality,readable_chinese_text,106,38,12,34,0,0,0,0.3585,0.0,0.0,E:\WORK\data\cleaned_text\中国华能集团有限公司2025年度风电技术监督用标准\4-风电电能监督标准\QHN-1-0000.08.012 -2014   风力发电场运行导则\3-31  10：30  Q／ HN—1—0000.08.012 — 2014   PDF\Q／ HN—1—0000.08.012 — 2014 扉页.json
Q／ HN—1—0000.08.012 — 2014  正文,Q／ HN—1—0000.08.012 — 2014  正文.pdf,中国华能集团有限公司2025年度风电技术监督用标准\4-风电电能监督标准\QHN-1-0000.08.012 -2014   风力发电场运行导则\3-31  10：30  Q／ HN—1—0000.08.012 — 2014   PDF\Q／ HN—1—0000.08.012 — 2014  正文.pdf,中国华能集团有限公司2025年度风电技术监督用标准,4-风电电能监督标准,QHN-1-0000.08.012 -2014   风力发电场运行导则,high_quality,readable_chinese_text,42282,33478,1215,2506,0,0,0,0.7918,0.0,0.0,E:\WORK\data\cleaned_text\中国华能集团有限公司2025年度风电技术监督用标准\4-风电电能监督标准\QHN-1-0000.08.012 -2014   风力发电场运行导则\3-31  10：30  Q／ HN—1—0000.08.012 — 2014   PDF\Q／ HN—1—0000.08.012 — 2014 正文.json
Q／ HN—1—0000.08.012 — 2014  版权,Q／ HN—1—0000.08.012 — 2014  版权.pdf,中国华能集团有限公司2025年度风电技术监督用标准\4-风电电能监督标准\QHN-1-0000.08.012 -2014   风力发电场运行导则\3-31  10：30  Q／ HN—1—0000.08.012 — 2014   PDF\Q／ HN—1—0000.08.012 — 2014  版权.pdf,中国华能集团有限公司2025年度风电技术监督用标准,4-风电电能监督标准,QHN-1-0000.08.012 -2014   风力发电场运行导则,high_quality,readable_chinese_text,287,157,26,70,0,0,0,0.547,0.0,0.0,E:\WORK\data\cleaned_text\中国华能集团有限公司2025年度风电技术监督用标准\4-风电电能监督标准\QHN-1-0000.08.012 -2014   风力发电场运行导则\3-31  10：30  Q／ HN—1—0000.08.012 — 2014   PDF\Q／ HN—1—0000.08.012 — 2014 版权.json
CCSC_PCS02029-2017 中国船级社标准--风力发电机组主齿轮箱检修技术规范,CCSC_PCS02029-2017 中国船级社标准--风力发电机组主齿轮箱检修技术规范.pdf,中国华能集团有限公司2025年度风电技术监督用标准\5-风电金属监督标准\参考标准\CCSC_PCS02029-2017 中国船级社标准--风力发电机组主齿轮箱检修技术规范.pdf,中国华能集团有限公司2025年度风电技术监督用标准,5-风电金属监督标准,参考标准,high_quality,readable_chinese_text,11001,7950,313,1210,0,0,0,0.7227,0.0,0.0,E:\WORK\data\cleaned_text\中国华能集团有限公司2025年度风电技术监督用标准\5-风电金属监督标准\参考标准\CCSC_PCS02029-2017 中国船级社标准--风力发电机组主齿轮箱检修技术规范.json
JB_T 10425.1-2004 风力发电机组 偏航系统 第1部分：技术条件,JB_T 10425.1-2004 风力发电机组 偏航系统 第1部分：技术条件.pdf,中国华能集团有限公司2025年度风电技术监督用标准\5-风电金属监督标准\参考标准\JB_T 10425.1-2004 风力发电机组 偏航系统 第1部分：技术条件.pdf,中国华能集团有限公司2025年度风电技术监督用标准,5-风电金属监督标准,参考标准,high_quality,readable_chinese_text,3039,1780,359,467,0,0,0,0.5857,0.0,0.0,E:\WORK\data\cleaned_text\中国华能集团有限公司2025年度风电技术监督用标准\5-风电金属监督标准\参考标准\JB_T 10425.1-2004 风力发电机组 偏航系统 第1部分：技术条件.json
JB_T 10427-2004 风力发电机组 一般液压系统,JB_T 10427-2004 风力发电机组 一般液压系统.pdf,中国华能集团有限公司2025年度风电技术监督用标准\5-风电金属监督标准\参考标准\JB_T 10427-2004 风力发电机组 一般液压系统.pdf,中国华能集团有限公司2025年度风电技术监督用标准,5-风电金属监督标准,参考标准,high_quality,readable_chinese_text,4620,1914,1650,594,0,0,0,0.4143,0.0,0.0,E:\WORK\data\cleaned_text\中国华能集团有限公司2025年度风电技术监督用标准\5-风电金属监督标准\参考标准\JB_T 10427-2004 风力发电机组 一般液压系统.json
NB_T 31080-2016 海上风力发电机组钢制基桩及承台制作技术规范,NB_T 31080-2016 海上风力发电机组钢制基桩及承台制作技术规范.pdf,中国华能集团有限公司2025年度风电技术监督用标准\5-风电金属监督标准\参考标准\NB_T 31080-2016 海上风力发电机组钢制基桩及承台制作技术规范.pdf,中国华能集团有限公司2025年度风电技术监督用标准,5-风电金属监督标准,参考标准,high_quality,readable_chinese_text,10805,7710,788,1026,4,0,2,0.7136,0.0004,0.0004,E:\WORK\data\cleaned_text\中国华能集团有限公司2025年度风电技术监督用标准\5-风电金属监督标准\参考标准\NB_T 31080-2016 海上风力发电机组钢制基桩及承台制作技术规范.json
中国华能集团公司电力技术监督管理办法2015,中国华能集团公司电力技术监督管理办法2015.pdf,中国华能集团有限公司2025年度风电技术监督用标准\5-风电金属监督标准\参考标准\中国华能集团公司电力技术监督管理办法2015.pdf,中国华能集团有限公司2025年度风电技术监督用标准,5-风电金属监督标准,参考标准,high_quality,readable_chinese_text,15850,12667,185,1016,0,0,0,0.7992,0.0,0.0,E:\WORK\data\cleaned_text\中国华能集团有限公司2025年度风电技术监督用标准\5-风电金属监督标准\参考标准\中国华能集团公司电力技术监督管理办法2015.json
2018（306号OA）附件6：中国华能集团有限公司风力发电场金属监督标准（2018版）,2018（306号OA）附件6：中国华能集团有限公司风力发电场金属监督标准（2018版）.pdf,中国华能集团有限公司2025年度风电技术监督用标准\5-风电金属监督标准\常用标准\2018（306号OA）附件6：中国华能集团有限公司风力发电场金属监督标准（2018版）.pdf,中国华能集团有限公司2025年度风电技术监督用标准,5-风电金属监督标准,常用标准,high_quality,readable_chinese_text,40176,27186,2399,5506,0,0,0,0.6767,0.0,0.0,E:\WORK\data\cleaned_text\中国华能集团有限公司2025年度风电技术监督用标准\5-风电金属监督标准\常用标准\2018（306号OA）附件6：中国华能集团有限公司风力发电场金属监督标准（2018版）.json
GB∕T 25385-2019 风力发电机组 运行及维护要求,GB∕T 25385-2019 风力发电机组 运行及维护要求.pdf,中国华能集团有限公司2025年度风电技术监督用标准\5-风电金属监督标准\常用标准\GB∕T 25385-2019 风力发电机组 运行及维护要求.pdf,中国华能集团有限公司2025年度风电技术监督用标准,5-风电金属监督标准,常用标准,low_quality,garbled_or_noisy,6063,97,1591,690,179,0,12,0.016,0.0295,0.0295,E:\WORK\data\cleaned_text\中国华能集团有限公司2025年度风电技术监督用标准\5-风电金属监督标准\常用标准\GB∕T 25385-2019 风力发电机组 运行及维护要求.json
NB_T 31006-2011 海上风电场钢结构防腐蚀技术标准,NB_T 31006-2011 海上风电场钢结构防腐蚀技术标准.pdf,中国华能集团有限公司2025年度风电技术监督用标准\5-风电金属监督标准\常用标准\NB_T 31006-2011 海上风电场钢结构防腐蚀技术标准.pdf,中国华能集团有限公司2025年度风电技术监督用标准,5-风电金属监督标准,常用标准,mixed_quality,partially_readable,11267,6884,1109,1472,0,0,5,0.611,0.0,0.0,E:\WORK\data\cleaned_text\中国华能集团有限公司2025年度风电技术监督用标准\5-风电金属监督标准\常用标准\NB_T 31006-2011 海上风电场钢结构防腐蚀技术标准.json
7d301854239e4b3a9571adc6c3b8cec8,7d301854239e4b3a9571adc6c3b8cec8.pdf,中国华能集团有限公司2025年度风电技术监督用标准\5-风电金属监督标准\常用标准\689f394b08bb4fbea6df1db71bdeb99d\7d301854239e4b3a9571adc6c3b8cec8.pdf,中国华能集团有限公司2025年度风电技术监督用标准,5-风电金属监督标准,常用标准,high_quality,readable_chinese_text,40176,27186,2399,5506,0,0,0,0.6767,0.0,0.0,E:\WORK\data\cleaned_text\中国华能集团有限公司2025年度风电技术监督用标准\5-风电金属监督标准\常用标准\689f394b08bb4fbea6df1db71bdeb99d\7d301854239e4b3a9571adc6c3b8cec8.json
2018（306号OA）附件3：中国华能集团有限公司风力发电场化学监督标准（2018版）,2018（306号OA）附件3：中国华能集团有限公司风力发电场化学监督标准（2018版）.pdf,中国华能集团有限公司2025年度风电技术监督用标准\6-风电化学监督标准\2018（306号OA）附件3：中国华能集团有限公司风力发电场化学监督标准（2018版）.pdf,中国华能集团有限公司2025年度风电技术监督用标准,6-风电化学监督标准,2018（306号OA）附件3：中国华能集团有限公司风力发电场化学监督标准（2018版）.pdf,high_quality,readable_chinese_text,61750,38803,4812,8900,49,0,0,0.6284,0.0008,0.0008,E:\WORK\data\cleaned_text\中国华能集团有限公司2025年度风电技术监督用标准\6-风电化学监督标准\2018（306号OA）附件3：中国华能集团有限公司风力发电场化学监督标准（2018版）.json
DLT 290-2012      电厂辅机用油运行及维护管理导则（现行）,DLT 290-2012      电厂辅机用油运行及维护管理导则（现行）.pdf,中国华能集团有限公司2025年度风电技术监督用标准\6-风电化学监督标准\DLT 290-2012      电厂辅机用油运行及维护管理导则（现行）.pdf,中国华能集团有限公司2025年度风电技术监督用标准,6-风电化学监督标准,DLT 290-2012      电厂辅机用油运行及维护管理导则（现行）.pdf,high_quality,readable_chinese_text,4334,2994,370,581,0,0,2,0.6908,0.0,0.0,E:\WORK\data\cleaned_text\中国华能集团有限公司2025年度风电技术监督用标准\6-风电化学监督标准\DLT 290-2012 电厂辅机用油运行及维护管理导则（现行）.json
DLT 573-2021 电力变压器检修导则,DLT 573-2021 电力变压器检修导则.pdf,中国华能集团有限公司2025年度风电技术监督用标准\6-风电化学监督标准\DLT 573-2021 电力变压器检修导则.pdf,中国华能集团有限公司2025年度风电技术监督用标准,6-风电化学监督标准,DLT 573-2021 电力变压器检修导则.pdf,mixed_quality,partially_readable,52609,42418,2384,2725,5,0,4,0.8063,0.0001,0.0001,E:\WORK\data\cleaned_text\中国华能集团有限公司2025年度风电技术监督用标准\6-风电化学监督标准\DLT 573-2021 电力变压器检修导则.json
DLT 595-2016 六氟化硫电气设备气体监督细则,DLT 595-2016 六氟化硫电气设备气体监督细则.pdf,中国华能集团有限公司2025年度风电技术监督用标准\6-风电化学监督标准\DLT 595-2016 六氟化硫电气设备气体监督细则.pdf,中国华能集团有限公司2025年度风电技术监督用标准,6-风电化学监督标准,DLT 595-2016 六氟化硫电气设备气体监督细则.pdf,high_quality,readable_chinese_text,3921,2855,285,411,4,0,1,0.7281,0.001,0.001,E:\WORK\data\cleaned_text\中国华能集团有限公司2025年度风电技术监督用标准\6-风电化学监督标准\DLT 595-2016 六氟化硫电气设备气体监督细则.json
DLT 617-2019气体绝缘金属封闭开关设备技术条件,DLT 617-2019气体绝缘金属封闭开关设备技术条件.pdf,中国华能集团有限公司2025年度风电技术监督用标准\6-风电化学监督标准\DLT 617-2019气体绝缘金属封闭开关设备技术条件.pdf,中国华能集团有限公司2025年度风电技术监督用标准,6-风电化学监督标准,DLT 617-2019气体绝缘金属封闭开关设备技术条件.pdf,high_quality,readable_chinese_text,57206,36721,4797,4497,26,0,0,0.6419,0.0005,0.0005,E:\WORK\data\cleaned_text\中国华能集团有限公司2025年度风电技术监督用标准\6-风电化学监督标准\DLT 617-2019气体绝缘金属封闭开关设备技术条件.json
DLT 941-2005 运行中变压器用六氟化硫质量标准,DLT 941-2005 运行中变压器用六氟化硫质量标准.pdf,中国华能集团有限公司2025年度风电技术监督用标准\6-风电化学监督标准\DLT 941-2005 运行中变压器用六氟化硫质量标准.pdf,中国华能集团有限公司2025年度风电技术监督用标准,6-风电化学监督标准,DLT 941-2005 运行中变压器用六氟化硫质量标准.pdf,high_quality,readable_chinese_text,2472,1484,262,233,1,0,0,0.6003,0.0004,0.0004,E:\WORK\data\cleaned_text\中国华能集团有限公司2025年度风电技术监督用标准\6-风电化学监督标准\DLT 941-2005 运行中变压器用六氟化硫质量标准.json
GB 18599-2020 一般工业固体废物贮存和填埋污染控制标准,GB 18599-2020 一般工业固体废物贮存和填埋污染控制标准.PDF,中国华能集团有限公司2025年度风电技术监督用标准\6-风电化学监督标准\GB 18599-2020 一般工业固体废物贮存和填埋污染控制标准.PDF,中国华能集团有限公司2025年度风电技术监督用标准,6-风电化学监督标准,GB 18599-2020 一般工业固体废物贮存和填埋污染控制标准.PDF,mixed_quality,partially_readable,9574,7142,830,746,0,0,3,0.746,0.0,0.0,E:\WORK\data\cleaned_text\中国华能集团有限公司2025年度风电技术监督用标准\6-风电化学监督标准\GB 18599-2020 一般工业固体废物贮存和填埋污染控制标准.json
GBT 14039-2002   液压传动 油液固体颗粒污染等级代号（现行）,GBT 14039-2002   液压传动 油液固体颗粒污染等级代号（现行）.pdf,中国华能集团有限公司2025年度风电技术监督用标准\6-风电化学监督标准\GBT 14039-2002   液压传动 油液固体颗粒污染等级代号（现行）.pdf,中国华能集团有限公司2025年度风电技术监督用标准,6-风电化学监督标准,GBT 14039-2002   液压传动 油液固体颗粒污染等级代号（现行）.pdf,high_quality,readable_chinese_text,1923,1253,224,254,0,0,0,0.6516,0.0,0.0,E:\WORK\data\cleaned_text\中国华能集团有限公司2025年度风电技术监督用标准\6-风电化学监督标准\GBT 14039-2002 液压传动 油液固体颗粒污染等级代号（现行）.json
GBT 7252-2001 变压器油中溶解气体分析和判断导则（现行）,GBT 7252-2001 变压器油中溶解气体分析和判断导则（现行）.pdf,中国华能集团有限公司2025年度风电技术监督用标准\6-风电化学监督标准\GBT 7252-2001 变压器油中溶解气体分析和判断导则（现行）.pdf,中国华能集团有限公司2025年度风电技术监督用标准,6-风电化学监督标准,GBT 7252-2001 变压器油中溶解气体分析和判断导则（现行）.pdf,high_quality,readable_chinese_text,18630,14378,1030,1234,1,0,2,0.7718,0.0001,0.0001,E:\WORK\data\cleaned_text\中国华能集团有限公司2025年度风电技术监督用标准\6-风电化学监督标准\GBT 7252-2001 变压器油中溶解气体分析和判断导则（现行）.json
GBT 7631.2-2003 润滑剂、工业用油和相关产品(L类)的分类 第2部分：H组(液压系统)（现行）,GBT 7631.2-2003 润滑剂、工业用油和相关产品(L类)的分类 第2部分：H组(液压系统)（现行）.pdf,中国华能集团有限公司2025年度风电技术监督用标准\6-风电化学监督标准\GBT 7631.2-2003 润滑剂、工业用油和相关产品(L类)的分类 第2部分：H组(液压系统)（现行）.pdf,中国华能集团有限公司2025年度风电技术监督用标准,6-风电化学监督标准,GBT 7631.2-2003 润滑剂、工业用油和相关产品(L类)的分类 第2部分：H组(液压系统)（现行）.pdf,high_quality,readable_chinese_text,2771,1694,372,319,0,0,0,0.6113,0.0,0.0,E:\WORK\data\cleaned_text\中国华能集团有限公司2025年度风电技术监督用标准\6-风电化学监督标准\GBT 7631.2-2003 润滑剂、工业用油和相关产品(L类)的分类 第2部分：H组(液压系统)（现行）.json
JBT 10427-2004 风力发电机组 一般液压系统,JBT 10427-2004 风力发电机组 一般液压系统.pdf,中国华能集团有限公司2025年度风电技术监督用标准\6-风电化学监督标准\JBT 10427-2004 风力发电机组 一般液压系统.pdf,中国华能集团有限公司2025年度风电技术监督用标准,6-风电化学监督标准,JBT 10427-2004 风力发电机组 一般液压系统.pdf,high_quality,readable_chinese_text,4620,1914,1650,594,0,0,0,0.4143,0.0,0.0,E:\WORK\data\cleaned_text\中国华能集团有限公司2025年度风电技术监督用标准\6-风电化学监督标准\JBT 10427-2004 风力发电机组 一般液压系统.json
JBT 8831-2001       工业闭式齿轮的润滑油选用方法（现行）,JBT 8831-2001       工业闭式齿轮的润滑油选用方法（现行）.pdf,中国华能集团有限公司2025年度风电技术监督用标准\6-风电化学监督标准\JBT 8831-2001       工业闭式齿轮的润滑油选用方法（现行）.pdf,中国华能集团有限公司2025年度风电技术监督用标准,6-风电化学监督标准,JBT 8831-2001       工业闭式齿轮的润滑油选用方法（现行）.pdf,high_quality,readable_chinese_text,12686,6742,1280,2794,153,0,2,0.5315,0.0121,0.0121,E:\WORK\data\cleaned_text\中国华能集团有限公司2025年度风电技术监督用标准\6-风电化学监督标准\JBT 8831-2001 工业闭式齿轮的润滑油选用方法（现行）.json
NBSHT 6027-2021润滑脂分油的测定 压力过滤法,NBSHT 6027-2021润滑脂分油的测定 压力过滤法.pdf,中国华能集团有限公司2025年度风电技术监督用标准\6-风电化学监督标准\NBSHT 6027-2021润滑脂分油的测定 压力过滤法.pdf,中国华能集团有限公司2025年度风电技术监督用标准,6-风电化学监督标准,NBSHT 6027-2021润滑脂分油的测定 压力过滤法.pdf,high_quality,readable_chinese_text,3097,1808,561,382,0,0,0,0.5838,0.0,0.0,E:\WORK\data\cleaned_text\中国华能集团有限公司2025年度风电技术监督用标准\6-风电化学监督标准\NBSHT 6027-2021润滑脂分油的测定 压力过滤法.json
SHT 0476-1992 L-HL  液压油换油指标（现行）,SHT 0476-1992 L-HL  液压油换油指标（现行）.pdf,中国华能集团有限公司2025年度风电技术监督用标准\6-风电化学监督标准\SHT 0476-1992 L-HL  液压油换油指标（现行）.pdf,中国华能集团有限公司2025年度风电技术监督用标准,6-风电化学监督标准,SHT 0476-1992 L-HL  液压油换油指标（现行）.pdf,high_quality,readable_chinese_text,1035,665,114,145,0,0,0,0.6425,0.0,0.0,E:\WORK\data\cleaned_text\中国华能集团有限公司2025年度风电技术监督用标准\6-风电化学监督标准\SHT 0476-1992 L-HL 液压油换油指标（现行）.json
SHT 0535-1993 极压复合锂基润滑脂（现行）,SHT 0535-1993 极压复合锂基润滑脂（现行）.pdf,中国华能集团有限公司2025年度风电技术监督用标准\6-风电化学监督标准\SHT 0535-1993 极压复合锂基润滑脂（现行）.pdf,中国华能集团有限公司2025年度风电技术监督用标准,6-风电化学监督标准,SHT 0535-1993 极压复合锂基润滑脂（现行）.pdf,high_quality,readable_chinese_text,1239,802,179,138,3,0,0,0.6473,0.0024,0.0024,E:\WORK\data\cleaned_text\中国华能集团有限公司2025年度风电技术监督用标准\6-风电化学监督标准\SHT 0535-1993 极压复合锂基润滑脂（现行）.json
SHT 0587-1994 二硫化钼极压锂基润滑脂（现行）,SHT 0587-1994 二硫化钼极压锂基润滑脂（现行）.pdf,中国华能集团有限公司2025年度风电技术监督用标准\6-风电化学监督标准\SHT 0587-1994 二硫化钼极压锂基润滑脂（现行）.pdf,中国华能集团有限公司2025年度风电技术监督用标准,6-风电化学监督标准,SHT 0587-1994 二硫化钼极压锂基润滑脂（现行）.pdf,high_quality,readable_chinese_text,188,127,14,26,0,0,0,0.6755,0.0,0.0,E:\WORK\data\cleaned_text\中国华能集团有限公司2025年度风电技术监督用标准\6-风电化学监督标准\SHT 0587-1994 二硫化钼极压锂基润滑脂（现行）.json
SHT 0621-1995 发动机冷却液氯含量测定法（现行）,SHT 0621-1995 发动机冷却液氯含量测定法（现行）.pdf,中国华能集团有限公司2025年度风电技术监督用标准\6-风电化学监督标准\SHT 0621-1995 发动机冷却液氯含量测定法（现行）.pdf,中国华能集团有限公司2025年度风电技术监督用标准,6-风电化学监督标准,SHT 0621-1995 发动机冷却液氯含量测定法（现行）.pdf,high_quality,readable_chinese_text,1618,1147,146,154,0,0,0,0.7089,0.0,0.0,E:\WORK\data\cleaned_text\中国华能集团有限公司2025年度风电技术监督用标准\6-风电化学监督标准\SHT 0621-1995 发动机冷却液氯含量测定法（现行）.json
126 DLT 5003-2017 电力系统调度自动化设计规程,126 DLT 5003-2017 电力系统调度自动化设计规程.pdf,中国华能集团有限公司2025年度风电技术监督用标准\7-风电监控自动化监督标准\其他标准\126 DLT 5003-2017 电力系统调度自动化设计规程.pdf,中国华能集团有限公司2025年度风电技术监督用标准,7-风电监控自动化监督标准,其他标准,low_quality,garbled_or_noisy,34936,26351,3061,1713,22,0,42,0.7543,0.0006,0.0006,E:\WORK\data\cleaned_text\中国华能集团有限公司2025年度风电技术监督用标准\7-风电监控自动化监督标准\其他标准\126 DLT 5003-2017 电力系统调度自动化设计规程.json
127 DLT 5191-2004_风力发电场项目建设工程验收规程,127 DLT 5191-2004_风力发电场项目建设工程验收规程.pdf,中国华能集团有限公司2025年度风电技术监督用标准\7-风电监控自动化监督标准\其他标准\127 DLT 5191-2004_风力发电场项目建设工程验收规程.pdf,中国华能集团有限公司2025年度风电技术监督用标准,7-风电监控自动化监督标准,其他标准,high_quality,readable_chinese_text,22070,18010,399,1358,0,0,0,0.816,0.0,0.0,E:\WORK\data\cleaned_text\中国华能集团有限公司2025年度风电技术监督用标准\7-风电监控自动化监督标准\其他标准\127 DLT 5191-2004_风力发电场项目建设工程验收规程.json
130 DLT 5383-2007 风力发电场设计技术规范,130 DLT 5383-2007 风力发电场设计技术规范.pdf,中国华能集团有限公司2025年度风电技术监督用标准\7-风电监控自动化监督标准\其他标准\130 DLT 5383-2007 风力发电场设计技术规范.pdf,中国华能集团有限公司2025年度风电技术监督用标准,7-风电监控自动化监督标准,其他标准,high_quality,readable_chinese_text,2825,2443,17,129,0,0,0,0.8648,0.0,0.0,E:\WORK\data\cleaned_text\中国华能集团有限公司2025年度风电技术监督用标准\7-风电监控自动化监督标准\其他标准\130 DLT 5383-2007 风力发电场设计技术规范.json
132 JBT 10425.1-2004 风力发电机组 偏航系统 第1部分：技术条件,132 JBT 10425.1-2004 风力发电机组 偏航系统 第1部分：技术条件.pdf,中国华能集团有限公司2025年度风电技术监督用标准\7-风电监控自动化监督标准\其他标准\132 JBT 10425.1-2004 风力发电机组 偏航系统 第1部分：技术条件.pdf,中国华能集团有限公司2025年度风电技术监督用标准,7-风电监控自动化监督标准,其他标准,high_quality,readable_chinese_text,2961,1780,293,467,0,0,0,0.6011,0.0,0.0,E:\WORK\data\cleaned_text\中国华能集团有限公司2025年度风电技术监督用标准\7-风电监控自动化监督标准\其他标准\132 JBT 10425.1-2004 风力发电机组 偏航系统 第1部分：技术条件.json
134 国家发展与改革委员会令2014年14号 电力监控系统安全防护规定,134 国家发展与改革委员会令2014年14号 电力监控系统安全防护规定.pdf,中国华能集团有限公司2025年度风电技术监督用标准\7-风电监控自动化监督标准\其他标准\134 国家发展与改革委员会令2014年14号 电力监控系统安全防护规定.pdf,中国华能集团有限公司2025年度风电技术监督用标准,7-风电监控自动化监督标准,其他标准,high_quality,readable_chinese_text,2718,2530,4,15,0,0,0,0.9308,0.0,0.0,E:\WORK\data\cleaned_text\中国华能集团有限公司2025年度风电技术监督用标准\7-风电监控自动化监督标准\其他标准\134 国家发展与改革委员会令2014年14号 电力监控系统安全防护规定.json
135 电监安全〔2006〕34号 电力二次系统安全防护总体方案及发电厂二次系统安全防护总体方案,135 电监安全〔2006〕34号 电力二次系统安全防护总体方案及发电厂二次系统安全防护总体方案.pdf,中国华能集团有限公司2025年度风电技术监督用标准\7-风电监控自动化监督标准\其他标准\135 电监安全〔2006〕34号 电力二次系统安全防护总体方案及发电厂二次系统安全防护总体方案.pdf,中国华能集团有限公司2025年度风电技术监督用标准,7-风电监控自动化监督标准,其他标准,low_quality,garbled_or_noisy,30101,22127,4881,987,0,0,20,0.7351,0.0,0.0,E:\WORK\data\cleaned_text\中国华能集团有限公司2025年度风电技术监督用标准\7-风电监控自动化监督标准\其他标准\135 电监安全〔2006〕34号 电力二次系统安全防护总体方案及发电厂二次系统安全防护总体方案.json
23 GBT 19960.1-2005 风力发电机组 第1部分：通用技术条件,23 GBT 19960.1-2005 风力发电机组 第1部分：通用技术条件.pdf,中国华能集团有限公司2025年度风电技术监督用标准\7-风电监控自动化监督标准\其他标准\23 GBT 19960.1-2005 风力发电机组 第1部分：通用技术条件.pdf,中国华能集团有限公司2025年度风电技术监督用标准,7-风电监控自动化监督标准,其他标准,high_quality,readable_chinese_text,5332,3505,441,716,0,0,0,0.6574,0.0,0.0,E:\WORK\data\cleaned_text\中国华能集团有限公司2025年度风电技术监督用标准\7-风电监控自动化监督标准\其他标准\23 GBT 19960.1-2005 风力发电机组 第1部分：通用技术条件.json
24 GBT 19960.2-2005 风力发电机组 第2部分：通用试验方法,24 GBT 19960.2-2005 风力发电机组 第2部分：通用试验方法.pdf,中国华能集团有限公司2025年度风电技术监督用标准\7-风电监控自动化监督标准\其他标准\24 GBT 19960.2-2005 风力发电机组 第2部分：通用试验方法.pdf,中国华能集团有限公司2025年度风电技术监督用标准,7-风电监控自动化监督标准,其他标准,high_quality,readable_chinese_text,4328,2655,607,485,1,0,0,0.6134,0.0002,0.0002,E:\WORK\data\cleaned_text\中国华能集团有限公司2025年度风电技术监督用标准\7-风电监控自动化监督标准\其他标准\24 GBT 19960.2-2005 风力发电机组 第2部分：通用试验方法.json
27 GBT 25385-2019 风力发电机组 运行及维护要求,27 GBT 25385-2019 风力发电机组 运行及维护要求.pdf,中国华能集团有限公司2025年度风电技术监督用标准\7-风电监控自动化监督标准\其他标准\27 GBT 25385-2019 风力发电机组 运行及维护要求.pdf,中国华能集团有限公司2025年度风电技术监督用标准,7-风电监控自动化监督标准,其他标准,low_quality,garbled_or_noisy,6063,97,1591,690,179,0,12,0.016,0.0295,0.0295,E:\WORK\data\cleaned_text\中国华能集团有限公司2025年度风电技术监督用标准\7-风电监控自动化监督标准\其他标准\27 GBT 25385-2019 风力发电机组 运行及维护要求.json
GBT 40585-2021电网运行风险监测、评估及可视化技术规范,GBT 40585-2021电网运行风险监测、评估及可视化技术规范.pdf,中国华能集团有限公司2025年度风电技术监督用标准\7-风电监控自动化监督标准\其他标准\GBT 40585-2021电网运行风险监测、评估及可视化技术规范.pdf,中国华能集团有限公司2025年度风电技术监督用标准,7-风电监控自动化监督标准,其他标准,low_quality,garbled_or_noisy,31553,1848,6257,4371,569,0,37,0.0586,0.018,0.018,E:\WORK\data\cleaned_text\中国华能集团有限公司2025年度风电技术监督用标准\7-风电监控自动化监督标准\其他标准\GBT 40585-2021电网运行风险监测、评估及可视化技术规范.json
GBT 40598-2021电力系统安全稳定控制策略描述规则,GBT 40598-2021电力系统安全稳定控制策略描述规则.pdf,中国华能集团有限公司2025年度风电技术监督用标准\7-风电监控自动化监督标准\其他标准\GBT 40598-2021电力系统安全稳定控制策略描述规则.pdf,中国华能集团有限公司2025年度风电技术监督用标准,7-风电监控自动化监督标准,其他标准,low_quality,garbled_or_noisy,16093,255,2914,1827,382,6,31,0.0158,0.0237,0.0241,E:\WORK\data\cleaned_text\中国华能集团有限公司2025年度风电技术监督用标准\7-风电监控自动化监督标准\其他标准\GBT 40598-2021电力系统安全稳定控制策略描述规则.json
GBT 40604-2021新能源场站调度运行信息交换技术要求,GBT 40604-2021新能源场站调度运行信息交换技术要求.pdf,中国华能集团有限公司2025年度风电技术监督用标准\7-风电监控自动化监督标准\其他标准\GBT 40604-2021新能源场站调度运行信息交换技术要求.pdf,中国华能集团有限公司2025年度风电技术监督用标准,7-风电监控自动化监督标准,其他标准,high_quality,readable_chinese_text,14593,10988,80,1165,0,0,0,0.753,0.0,0.0,E:\WORK\data\cleaned_text\中国华能集团有限公司2025年度风电技术监督用标准\7-风电监控自动化监督标准\其他标准\GBT 40604-2021新能源场站调度运行信息交换技术要求.json
GBT 40607-2021调度侧风电或光伏功率预测系统技术要求,GBT 40607-2021调度侧风电或光伏功率预测系统技术要求.pdf,中国华能集团有限公司2025年度风电技术监督用标准\7-风电监控自动化监督标准\其他标准\GBT 40607-2021调度侧风电或光伏功率预测系统技术要求.pdf,中国华能集团有限公司2025年度风电技术监督用标准,7-风电监控自动化监督标准,其他标准,mixed_quality,partially_readable,3864,533,562,495,127,0,7,0.1379,0.0329,0.0329,E:\WORK\data\cleaned_text\中国华能集团有限公司2025年度风电技术监督用标准\7-风电监控自动化监督标准\其他标准\GBT 40607-2021调度侧风电或光伏功率预测系统技术要求.json
GBT 40773-2021变电站辅助设施监控系统技术规范,GBT 40773-2021变电站辅助设施监控系统技术规范.pdf,中国华能集团有限公司2025年度风电技术监督用标准\7-风电监控自动化监督标准\其他标准\GBT 40773-2021变电站辅助设施监控系统技术规范.pdf,中国华能集团有限公司2025年度风电技术监督用标准,7-风电监控自动化监督标准,其他标准,high_quality,readable_chinese_text,10206,7514,80,1054,0,0,0,0.7362,0.0,0.0,E:\WORK\data\cleaned_text\中国华能集团有限公司2025年度风电技术监督用标准\7-风电监控自动化监督标准\其他标准\GBT 40773-2021变电站辅助设施监控系统技术规范.json
Q／ HN—1—0000.08.012 — 2014  扉页,Q／ HN—1—0000.08.012 — 2014  扉页.pdf,中国华能集团有限公司2025年度风电技术监督用标准\7-风电监控自动化监督标准\其他标准\137 QHN-1-0000.08.012-2014风力发电场运行导则\Q／ HN—1—0000.08.012 — 2014  扉页.pdf,中国华能集团有限公司2025年度风电技术监督用标准,7-风电监控自动化监督标准,其他标准,high_quality,readable_chinese_text,106,38,12,34,0,0,0,0.3585,0.0,0.0,E:\WORK\data\cleaned_text\中国华能集团有限公司2025年度风电技术监督用标准\7-风电监控自动化监督标准\其他标准\137 QHN-1-0000.08.012-2014风力发电场运行导则\Q／ HN—1—0000.08.012 — 2014 扉页.json
Q／ HN—1—0000.08.012 — 2014  正文,Q／ HN—1—0000.08.012 — 2014  正文.pdf,中国华能集团有限公司2025年度风电技术监督用标准\7-风电监控自动化监督标准\其他标准\137 QHN-1-0000.08.012-2014风力发电场运行导则\Q／ HN—1—0000.08.012 — 2014  正文.pdf,中国华能集团有限公司2025年度风电技术监督用标准,7-风电监控自动化监督标准,其他标准,high_quality,readable_chinese_text,42282,33478,1215,2506,0,0,0,0.7918,0.0,0.0,E:\WORK\data\cleaned_text\中国华能集团有限公司2025年度风电技术监督用标准\7-风电监控自动化监督标准\其他标准\137 QHN-1-0000.08.012-2014风力发电场运行导则\Q／ HN—1—0000.08.012 — 2014 正文.json
Q／ HN—1—0000.08.012 — 2014  版权,Q／ HN—1—0000.08.012 — 2014  版权.pdf,中国华能集团有限公司2025年度风电技术监督用标准\7-风电监控自动化监督标准\其他标准\137 QHN-1-0000.08.012-2014风力发电场运行导则\Q／ HN—1—0000.08.012 — 2014  版权.pdf,中国华能集团有限公司2025年度风电技术监督用标准,7-风电监控自动化监督标准,其他标准,high_quality,readable_chinese_text,287,157,26,70,0,0,0,0.547,0.0,0.0,E:\WORK\data\cleaned_text\中国华能集团有限公司2025年度风电技术监督用标准\7-风电监控自动化监督标准\其他标准\137 QHN-1-0000.08.012-2014风力发电场运行导则\Q／ HN—1—0000.08.012 — 2014 版权.json
扉页,扉页.pdf,中国华能集团有限公司2025年度风电技术监督用标准\7-风电监控自动化监督标准\其他标准\138 QHN-1-0000.08.013-2014风力发电场检修与维护管理导则\扉页.pdf,中国华能集团有限公司2025年度风电技术监督用标准,7-风电监控自动化监督标准,其他标准,high_quality,readable_chinese_text,111,43,12,34,0,0,0,0.3874,0.0,0.0,E:\WORK\data\cleaned_text\中国华能集团有限公司2025年度风电技术监督用标准\7-风电监控自动化监督标准\其他标准\138 QHN-1-0000.08.013-2014风力发电场检修与维护管理导则\扉页.json
正文,正文.pdf,中国华能集团有限公司2025年度风电技术监督用标准\7-风电监控自动化监督标准\其他标准\138 QHN-1-0000.08.013-2014风力发电场检修与维护管理导则\正文.pdf,中国华能集团有限公司2025年度风电技术监督用标准,7-风电监控自动化监督标准,其他标准,high_quality,readable_chinese_text,40073,29815,1097,3858,238,0,0,0.744,0.0059,0.0059,E:\WORK\data\cleaned_text\中国华能集团有限公司2025年度风电技术监督用标准\7-风电监控自动化监督标准\其他标准\138 QHN-1-0000.08.013-2014风力发电场检修与维护管理导则\正文.json
版权,版权.pdf,中国华能集团有限公司2025年度风电技术监督用标准\7-风电监控自动化监督标准\其他标准\138 QHN-1-0000.08.013-2014风力发电场检修与维护管理导则\版权.pdf,中国华能集团有限公司2025年度风电技术监督用标准,7-风电监控自动化监督标准,其他标准,high_quality,readable_chinese_text,292,162,26,70,0,0,0,0.5548,0.0,0.0,E:\WORK\data\cleaned_text\中国华能集团有限公司2025年度风电技术监督用标准\7-风电监控自动化监督标准\其他标准\138 QHN-1-0000.08.013-2014风力发电场检修与维护管理导则\版权.json
BQ,BQ.pdf,中国华能集团有限公司2025年度风电技术监督用标准\7-风电监控自动化监督标准\其他标准\139 QHN-1-0000.08.014-2014风力发电场检修与维护技术导则（风力发电机组分册）\BQ.pdf,中国华能集团有限公司2025年度风电技术监督用标准,7-风电监控自动化监督标准,其他标准,high_quality,readable_chinese_text,302,170,26,70,0,0,0,0.5629,0.0,0.0,E:\WORK\data\cleaned_text\中国华能集团有限公司2025年度风电技术监督用标准\7-风电监控自动化监督标准\其他标准\139 QHN-1-0000.08.014-2014风力发电场检修与维护技术导则（风力发电机组分册）\BQ.json
FY,FY.pdf,中国华能集团有限公司2025年度风电技术监督用标准\7-风电监控自动化监督标准\其他标准\139 QHN-1-0000.08.014-2014风力发电场检修与维护技术导则（风力发电机组分册）\FY.pdf,中国华能集团有限公司2025年度风电技术监督用标准,7-风电监控自动化监督标准,其他标准,high_quality,readable_chinese_text,121,51,12,34,0,0,0,0.4215,0.0,0.0,E:\WORK\data\cleaned_text\中国华能集团有限公司2025年度风电技术监督用标准\7-风电监控自动化监督标准\其他标准\139 QHN-1-0000.08.014-2014风力发电场检修与维护技术导则（风力发电机组分册）\FY.json
ZW,ZW.pdf,中国华能集团有限公司2025年度风电技术监督用标准\7-风电监控自动化监督标准\其他标准\139 QHN-1-0000.08.014-2014风力发电场检修与维护技术导则（风力发电机组分册）\ZW.pdf,中国华能集团有限公司2025年度风电技术监督用标准,7-风电监控自动化监督标准,其他标准,high_quality,readable_chinese_text,27891,22107,977,1606,0,0,0,0.7926,0.0,0.0,E:\WORK\data\cleaned_text\中国华能集团有限公司2025年度风电技术监督用标准\7-风电监控自动化监督标准\其他标准\139 QHN-1-0000.08.014-2014风力发电场检修与维护技术导则（风力发电机组分册）\ZW.json
BQ,BQ.pdf,中国华能集团有限公司2025年度风电技术监督用标准\7-风电监控自动化监督标准\其他标准\140 QHN-1-0000.08.015-2014风力发电场检修与维护技术导则（电控系统分册）\BQ.pdf,中国华能集团有限公司2025年度风电技术监督用标准,7-风电监控自动化监督标准,其他标准,high_quality,readable_chinese_text,298,166,26,70,0,0,0,0.557,0.0,0.0,E:\WORK\data\cleaned_text\中国华能集团有限公司2025年度风电技术监督用标准\7-风电监控自动化监督标准\其他标准\140 QHN-1-0000.08.015-2014风力发电场检修与维护技术导则（电控系统分册）\BQ.json
FY,FY.pdf,中国华能集团有限公司2025年度风电技术监督用标准\7-风电监控自动化监督标准\其他标准\140 QHN-1-0000.08.015-2014风力发电场检修与维护技术导则（电控系统分册）\FY.pdf,中国华能集团有限公司2025年度风电技术监督用标准,7-风电监控自动化监督标准,其他标准,high_quality,readable_chinese_text,117,47,12,34,0,0,0,0.4017,0.0,0.0,E:\WORK\data\cleaned_text\中国华能集团有限公司2025年度风电技术监督用标准\7-风电监控自动化监督标准\其他标准\140 QHN-1-0000.08.015-2014风力发电场检修与维护技术导则（电控系统分册）\FY.json
zw,zw.pdf,中国华能集团有限公司2025年度风电技术监督用标准\7-风电监控自动化监督标准\其他标准\140 QHN-1-0000.08.015-2014风力发电场检修与维护技术导则（电控系统分册）\zw.pdf,中国华能集团有限公司2025年度风电技术监督用标准,7-风电监控自动化监督标准,其他标准,high_quality,readable_chinese_text,88211,67417,3974,6223,0,0,0,0.7643,0.0,0.0,E:\WORK\data\cleaned_text\中国华能集团有限公司2025年度风电技术监督用标准\7-风电监控自动化监督标准\其他标准\140 QHN-1-0000.08.015-2014风力发电场检修与维护技术导则（电控系统分册）\zw.json
12 NBT 31004-2011 风力发电机组振动状态监测导则,12 NBT 31004-2011 风力发电机组振动状态监测导则.pdf,中国华能集团有限公司2025年度风电技术监督用标准\7-风电监控自动化监督标准\常用标准\12 NBT 31004-2011 风力发电机组振动状态监测导则.pdf,中国华能集团有限公司2025年度风电技术监督用标准,7-风电监控自动化监督标准,常用标准,high_quality,readable_chinese_text,4486,3222,343,308,0,0,1,0.7182,0.0,0.0,E:\WORK\data\cleaned_text\中国华能集团有限公司2025年度风电技术监督用标准\7-风电监控自动化监督标准\常用标准\12 NBT 31004-2011 风力发电机组振动状态监测导则.json
17 QHN-1-0000.08.007-2018 中国华能集团有限公司风力发电场监控自动化监督标准,17 QHN-1-0000.08.007-2018 中国华能集团有限公司风力发电场监控自动化监督标准.pdf,中国华能集团有限公司2025年度风电技术监督用标准\7-风电监控自动化监督标准\常用标准\17 QHN-1-0000.08.007-2018 中国华能集团有限公司风力发电场监控自动化监督标准.pdf,中国华能集团有限公司2025年度风电技术监督用标准,7-风电监控自动化监督标准,常用标准,high_quality,readable_chinese_text,30758,23642,803,2641,3,0,0,0.7686,0.0001,0.0001,E:\WORK\data\cleaned_text\中国华能集团有限公司2025年度风电技术监督用标准\7-风电监控自动化监督标准\常用标准\17 QHN-1-0000.08.007-2018 中国华能集团有限公司风力发电场监控自动化监督标准.json
国家发展和改革委员会令2024年第27号《电力监控系统安全防护规定》,国家发展和改革委员会令2024年第27号《电力监控系统安全防护规定》.pdf,中国华能集团有限公司2025年度风电技术监督用标准\7-风电监控自动化监督标准\常用标准\国家发展和改革委员会令2024年第27号《电力监控系统安全防护规定》.pdf,中国华能集团有限公司2025年度风电技术监督用标准,7-风电监控自动化监督标准,常用标准,high_quality,readable_chinese_text,5048,4697,0,21,0,0,0,0.9305,0.0,0.0,E:\WORK\data\cleaned_text\中国华能集团有限公司2025年度风电技术监督用标准\7-风电监控自动化监督标准\常用标准\国家发展和改革委员会令2024年第27号《电力监控系统安全防护规定》.json
2018（306号OA）附件2：中国华能集团有限公司风力发电场风力机监督标准（2018版）,2018（306号OA）附件2：中国华能集团有限公司风力发电场风力机监督标准（2018版）.pdf,中国华能集团有限公司2025年度风电技术监督用标准\8-风力机监督标准\2018（306号OA）附件2：中国华能集团有限公司风力发电场风力机监督标准（2018版）.pdf,中国华能集团有限公司2025年度风电技术监督用标准,8-风力机监督标准,2018（306号OA）附件2：中国华能集团有限公司风力发电场风力机监督标准（2018版）.pdf,high_quality,readable_chinese_text,38971,27933,1152,4337,0,0,0,0.7168,0.0,0.0,E:\WORK\data\cleaned_text\中国华能集团有限公司2025年度风电技术监督用标准\8-风力机监督标准\2018（306号OA）附件2：中国华能集团有限公司风力发电场风力机监督标准（2018版）.json
DL_T 5191-2004_风力发电场项目建设工程验收规程,DL_T 5191-2004_风力发电场项目建设工程验收规程.pdf,中国华能集团有限公司2025年度风电技术监督用标准\8-风力机监督标准\DL_T 5191-2004_风力发电场项目建设工程验收规程.pdf,中国华能集团有限公司2025年度风电技术监督用标准,8-风力机监督标准,DL_T 5191-2004_风力发电场项目建设工程验收规程.pdf,high_quality,readable_chinese_text,22070,18010,399,1358,0,0,0,0.816,0.0,0.0,E:\WORK\data\cleaned_text\中国华能集团有限公司2025年度风电技术监督用标准\8-风力机监督标准\DL_T 5191-2004_风力发电场项目建设工程验收规程.json
DL_T 5383-2007风力发电场设计技术规范,DL_T 5383-2007风力发电场设计技术规范.pdf,中国华能集团有限公司2025年度风电技术监督用标准\8-风力机监督标准\DL_T 5383-2007风力发电场设计技术规范.pdf,中国华能集团有限公司2025年度风电技术监督用标准,8-风力机监督标准,DL_T 5383-2007风力发电场设计技术规范.pdf,high_quality,readable_chinese_text,2825,2443,17,129,0,0,0,0.8648,0.0,0.0,E:\WORK\data\cleaned_text\中国华能集团有限公司2025年度风电技术监督用标准\8-风力机监督标准\DL_T 5383-2007风力发电场设计技术规范.json
GB_T 19960.1-2005 风力发电机组 第1部分 通用技术条件,GB_T 19960.1-2005 风力发电机组 第1部分 通用技术条件.pdf,中国华能集团有限公司2025年度风电技术监督用标准\8-风力机监督标准\GB_T 19960.1-2005 风力发电机组 第1部分 通用技术条件.pdf,中国华能集团有限公司2025年度风电技术监督用标准,8-风力机监督标准,GB_T 19960.1-2005 风力发电机组 第1部分 通用技术条件.pdf,high_quality,readable_chinese_text,5384,3505,485,716,0,0,0,0.651,0.0,0.0,E:\WORK\data\cleaned_text\中国华能集团有限公司2025年度风电技术监督用标准\8-风力机监督标准\GB_T 19960.1-2005 风力发电机组 第1部分 通用技术条件.json
GB_T 19963-2011 风电场接入电力系统技术规定,GB_T 19963-2011 风电场接入电力系统技术规定.pdf,中国华能集团有限公司2025年度风电技术监督用标准\8-风力机监督标准\GB_T 19963-2011 风电场接入电力系统技术规定.pdf,中国华能集团有限公司2025年度风电技术监督用标准,8-风力机监督标准,GB_T 19963-2011 风电场接入电力系统技术规定.pdf,mixed_quality,partially_readable,6692,4936,440,748,0,0,3,0.7376,0.0,0.0,E:\WORK\data\cleaned_text\中国华能集团有限公司2025年度风电技术监督用标准\8-风力机监督标准\GB_T 19963-2011 风电场接入电力系统技术规定.json
GB_T 28591-2012 风力等级,GB_T 28591-2012 风力等级.pdf,中国华能集团有限公司2025年度风电技术监督用标准\8-风力机监督标准\GB_T 28591-2012 风力等级.pdf,中国华能集团有限公司2025年度风电技术监督用标准,8-风力机监督标准,GB_T 28591-2012 风力等级.pdf,high_quality,readable_chinese_text,2064,954,139,641,0,0,0,0.4622,0.0,0.0,E:\WORK\data\cleaned_text\中国华能集团有限公司2025年度风电技术监督用标准\8-风力机监督标准\GB_T 28591-2012 风力等级.json
GB_T 6404.2-2005 齿轮装置的验收规范 第2部分验收试验中齿轮装置机械振动的测定,GB_T 6404.2-2005 齿轮装置的验收规范 第2部分验收试验中齿轮装置机械振动的测定.pdf,中国华能集团有限公司2025年度风电技术监督用标准\8-风力机监督标准\GB_T 6404.2-2005 齿轮装置的验收规范 第2部分验收试验中齿轮装置机械振动的测定.pdf,中国华能集团有限公司2025年度风电技术监督用标准,8-风力机监督标准,GB_T 6404.2-2005 齿轮装置的验收规范 第2部分验收试验中齿轮装置机械振动的测定.pdf,high_quality,readable_chinese_text,9465,6124,1413,827,5,0,0,0.647,0.0005,0.0005,E:\WORK\data\cleaned_text\中国华能集团有限公司2025年度风电技术监督用标准\8-风力机监督标准\GB_T 6404.2-2005 齿轮装置的验收规范 第2部分验收试验中齿轮装置机械振动的测定.json
NB_T 31004-2011 风力发电机组振动状态监测导则,NB_T 31004-2011 风力发电机组振动状态监测导则.pdf,中国华能集团有限公司2025年度风电技术监督用标准\8-风力机监督标准\NB_T 31004-2011 风力发电机组振动状态监测导则.pdf,中国华能集团有限公司2025年度风电技术监督用标准,8-风力机监督标准,NB_T 31004-2011 风力发电机组振动状态监测导则.pdf,high_quality,readable_chinese_text,4617,3276,409,307,0,0,1,0.7096,0.0,0.0,E:\WORK\data\cleaned_text\中国华能集团有限公司2025年度风电技术监督用标准\8-风力机监督标准\NB_T 31004-2011 风力发电机组振动状态监测导则.json
NB_T 31080-2016 海上风力发电机组钢制基桩及承台制作技术规范,NB_T 31080-2016 海上风力发电机组钢制基桩及承台制作技术规范.PDF,中国华能集团有限公司2025年度风电技术监督用标准\8-风力机监督标准\NB_T 31080-2016 海上风力发电机组钢制基桩及承台制作技术规范.PDF,中国华能集团有限公司2025年度风电技术监督用标准,8-风力机监督标准,NB_T 31080-2016 海上风力发电机组钢制基桩及承台制作技术规范.PDF,mixed_quality,partially_readable,6936,4633,701,717,6,0,5,0.668,0.0009,0.0009,E:\WORK\data\cleaned_text\中国华能集团有限公司2025年度风电技术监督用标准\8-风力机监督标准\NB_T 31080-2016 海上风力发电机组钢制基桩及承台制作技术规范.json
NB_T 31087-2016 《风电场项目环境影响评价技术规范》行业标准第1号修订单,NB_T 31087-2016 《风电场项目环境影响评价技术规范》行业标准第1号修订单.pdf,中国华能集团有限公司2025年度风电技术监督用标准\8-风力机监督标准\NB_T 31087-2016 《风电场项目环境影响评价技术规范》行业标准第1号修订单.pdf,中国华能集团有限公司2025年度风电技术监督用标准,8-风力机监督标准,NB_T 31087-2016 《风电场项目环境影响评价技术规范》行业标准第1号修订单.pdf,high_quality,readable_chinese_text,172,108,5,35,0,0,0,0.6279,0.0,0.0,E:\WORK\data\cleaned_text\中国华能集团有限公司2025年度风电技术监督用标准\8-风力机监督标准\NB_T 31087-2016 《风电场项目环境影响评价技术规范》行业标准第1号修订单.json
NB_T 31146-2018 《风电机组检修提升机技术规范》行业标准第1号修改单,NB_T 31146-2018 《风电机组检修提升机技术规范》行业标准第1号修改单.PDF,中国华能集团有限公司2025年度风电技术监督用标准\8-风力机监督标准\NB_T 31146-2018 《风电机组检修提升机技术规范》行业标准第1号修改单.PDF,中国华能集团有限公司2025年度风电技术监督用标准,8-风力机监督标准,NB_T 31146-2018 《风电机组检修提升机技术规范》行业标准第1号修改单.PDF,high_quality,readable_chinese_text,1422,882,83,238,0,0,0,0.6203,0.0,0.0,E:\WORK\data\cleaned_text\中国华能集团有限公司2025年度风电技术监督用标准\8-风力机监督标准\NB_T 31146-2018 《风电机组检修提升机技术规范》行业标准第1号修改单.json
QHN-1-0000.08.049-2015中国华能集团公司电力技术监督管理办法,QHN-1-0000.08.049-2015中国华能集团公司电力技术监督管理办法.pdf,中国华能集团有限公司2025年度风电技术监督用标准\8-风力机监督标准\QHN-1-0000.08.049-2015中国华能集团公司电力技术监督管理办法.pdf,中国华能集团有限公司2025年度风电技术监督用标准,8-风力机监督标准,QHN-1-0000.08.049-2015中国华能集团公司电力技术监督管理办法.pdf,high_quality,readable_chinese_text,15850,12667,185,1016,0,0,0,0.7992,0.0,0.0,E:\WORK\data\cleaned_text\中国华能集团有限公司2025年度风电技术监督用标准\8-风力机监督标准\QHN-1-0000.08.049-2015中国华能集团公司电力技术监督管理办法.json
中国华能集团公司风电场安全性评价标准（试行）,中国华能集团公司风电场安全性评价标准（试行）.pdf,中国华能集团有限公司2025年度风电技术监督用标准\8-风力机监督标准\中国华能集团公司风电场安全性评价标准（试行）.pdf,中国华能集团有限公司2025年度风电技术监督用标准,8-风力机监督标准,中国华能集团公司风电场安全性评价标准（试行）.pdf,high_quality,readable_chinese_text,42960,35416,49,2922,51,0,0,0.8244,0.0012,0.0012,E:\WORK\data\cleaned_text\中国华能集团有限公司2025年度风电技术监督用标准\8-风力机监督标准\中国华能集团公司风电场安全性评价标准（试行）.json
Q／ HN—1—0000.08.012 — 2014  扉页,Q／ HN—1—0000.08.012 — 2014  扉页.pdf,中国华能集团有限公司2025年度风电技术监督用标准\8-风力机监督标准\QHN-1-0000.08.012-2014 风力发电场运行导则\3-31  10：30  Q／ HN—1—0000.08.012 — 2014   PDF\Q／ HN—1—0000.08.012 — 2014  扉页.pdf,中国华能集团有限公司2025年度风电技术监督用标准,8-风力机监督标准,QHN-1-0000.08.012-2014 风力发电场运行导则,high_quality,readable_chinese_text,106,38,12,34,0,0,0,0.3585,0.0,0.0,E:\WORK\data\cleaned_text\中国华能集团有限公司2025年度风电技术监督用标准\8-风力机监督标准\QHN-1-0000.08.012-2014 风力发电场运行导则\3-31  10：30  Q／ HN—1—0000.08.012 — 2014   PDF\Q／ HN—1—0000.08.012 — 2014 扉页.json
Q／ HN—1—0000.08.012 — 2014  正文,Q／ HN—1—0000.08.012 — 2014  正文.pdf,中国华能集团有限公司2025年度风电技术监督用标准\8-风力机监督标准\QHN-1-0000.08.012-2014 风力发电场运行导则\3-31  10：30  Q／ HN—1—0000.08.012 — 2014   PDF\Q／ HN—1—0000.08.012 — 2014  正文.pdf,中国华能集团有限公司2025年度风电技术监督用标准,8-风力机监督标准,QHN-1-0000.08.012-2014 风力发电场运行导则,high_quality,readable_chinese_text,42282,33478,1215,2506,0,0,0,0.7918,0.0,0.0,E:\WORK\data\cleaned_text\中国华能集团有限公司2025年度风电技术监督用标准\8-风力机监督标准\QHN-1-0000.08.012-2014 风力发电场运行导则\3-31  10：30  Q／ HN—1—0000.08.012 — 2014   PDF\Q／ HN—1—0000.08.012 — 2014 正文.json
Q／ HN—1—0000.08.012 — 2014  版权,Q／ HN—1—0000.08.012 — 2014  版权.pdf,中国华能集团有限公司2025年度风电技术监督用标准\8-风力机监督标准\QHN-1-0000.08.012-2014 风力发电场运行导则\3-31  10：30  Q／ HN—1—0000.08.012 — 2014   PDF\Q／ HN—1—0000.08.012 — 2014  版权.pdf,中国华能集团有限公司2025年度风电技术监督用标准,8-风力机监督标准,QHN-1-0000.08.012-2014 风力发电场运行导则,high_quality,readable_chinese_text,287,157,26,70,0,0,0,0.547,0.0,0.0,E:\WORK\data\cleaned_text\中国华能集团有限公司2025年度风电技术监督用标准\8-风力机监督标准\QHN-1-0000.08.012-2014 风力发电场运行导则\3-31  10：30  Q／ HN—1—0000.08.012 — 2014   PDF\Q／ HN—1—0000.08.012 — 2014 版权.json
扉页,扉页.pdf,中国华能集团有限公司2025年度风电技术监督用标准\8-风力机监督标准\QHN-1-0000.08.013-2014 风力发电场检修与维护管理导则\扉页.pdf,中国华能集团有限公司2025年度风电技术监督用标准,8-风力机监督标准,QHN-1-0000.08.013-2014 风力发电场检修与维护管理导则,high_quality,readable_chinese_text,111,43,12,34,0,0,0,0.3874,0.0,0.0,E:\WORK\data\cleaned_text\中国华能集团有限公司2025年度风电技术监督用标准\8-风力机监督标准\QHN-1-0000.08.013-2014 风力发电场检修与维护管理导则\扉页.json
正文,正文.pdf,中国华能集团有限公司2025年度风电技术监督用标准\8-风力机监督标准\QHN-1-0000.08.013-2014 风力发电场检修与维护管理导则\正文.pdf,中国华能集团有限公司2025年度风电技术监督用标准,8-风力机监督标准,QHN-1-0000.08.013-2014 风力发电场检修与维护管理导则,high_quality,readable_chinese_text,40073,29815,1097,3858,238,0,0,0.744,0.0059,0.0059,E:\WORK\data\cleaned_text\中国华能集团有限公司2025年度风电技术监督用标准\8-风力机监督标准\QHN-1-0000.08.013-2014 风力发电场检修与维护管理导则\正文.json
版权,版权.pdf,中国华能集团有限公司2025年度风电技术监督用标准\8-风力机监督标准\QHN-1-0000.08.013-2014 风力发电场检修与维护管理导则\版权.pdf,中国华能集团有限公司2025年度风电技术监督用标准,8-风力机监督标准,QHN-1-0000.08.013-2014 风力发电场检修与维护管理导则,high_quality,readable_chinese_text,292,162,26,70,0,0,0,0.5548,0.0,0.0,E:\WORK\data\cleaned_text\中国华能集团有限公司2025年度风电技术监督用标准\8-风力机监督标准\QHN-1-0000.08.013-2014 风力发电场检修与维护管理导则\版权.json
BQ,BQ.pdf,中国华能集团有限公司2025年度风电技术监督用标准\8-风力机监督标准\QHN-1-0000.08.014-2014 风力发电场检修与维护技术导则（风力发电机组分册）\BQ.pdf,中国华能集团有限公司2025年度风电技术监督用标准,8-风力机监督标准,QHN-1-0000.08.014-2014 风力发电场检修与维护技术导则（风力发电机组分册）,high_quality,readable_chinese_text,302,170,26,70,0,0,0,0.5629,0.0,0.0,E:\WORK\data\cleaned_text\中国华能集团有限公司2025年度风电技术监督用标准\8-风力机监督标准\QHN-1-0000.08.014-2014 风力发电场检修与维护技术导则（风力发电机组分册）\BQ.json
FY,FY.pdf,中国华能集团有限公司2025年度风电技术监督用标准\8-风力机监督标准\QHN-1-0000.08.014-2014 风力发电场检修与维护技术导则（风力发电机组分册）\FY.pdf,中国华能集团有限公司2025年度风电技术监督用标准,8-风力机监督标准,QHN-1-0000.08.014-2014 风力发电场检修与维护技术导则（风力发电机组分册）,high_quality,readable_chinese_text,121,51,12,34,0,0,0,0.4215,0.0,0.0,E:\WORK\data\cleaned_text\中国华能集团有限公司2025年度风电技术监督用标准\8-风力机监督标准\QHN-1-0000.08.014-2014 风力发电场检修与维护技术导则（风力发电机组分册）\FY.json
ZW,ZW.pdf,中国华能集团有限公司2025年度风电技术监督用标准\8-风力机监督标准\QHN-1-0000.08.014-2014 风力发电场检修与维护技术导则（风力发电机组分册）\ZW.pdf,中国华能集团有限公司2025年度风电技术监督用标准,8-风力机监督标准,QHN-1-0000.08.014-2014 风力发电场检修与维护技术导则（风力发电机组分册）,high_quality,readable_chinese_text,27891,22107,977,1606,0,0,0,0.7926,0.0,0.0,E:\WORK\data\cleaned_text\中国华能集团有限公司2025年度风电技术监督用标准\8-风力机监督标准\QHN-1-0000.08.014-2014 风力发电场检修与维护技术导则（风力发电机组分册）\ZW.json
BQ,BQ.pdf,中国华能集团有限公司2025年度风电技术监督用标准\8-风力机监督标准\QHN-1-0000.08.015-2014 风力发电场检修与维护技术导则（电控分册）\BQ.pdf,中国华能集团有限公司2025年度风电技术监督用标准,8-风力机监督标准,QHN-1-0000.08.015-2014 风力发电场检修与维护技术导则（电控分册）,high_quality,readable_chinese_text,298,166,26,70,0,0,0,0.557,0.0,0.0,E:\WORK\data\cleaned_text\中国华能集团有限公司2025年度风电技术监督用标准\8-风力机监督标准\QHN-1-0000.08.015-2014 风力发电场检修与维护技术导则（电控分册）\BQ.json
FY,FY.pdf,中国华能集团有限公司2025年度风电技术监督用标准\8-风力机监督标准\QHN-1-0000.08.015-2014 风力发电场检修与维护技术导则（电控分册）\FY.pdf,中国华能集团有限公司2025年度风电技术监督用标准,8-风力机监督标准,QHN-1-0000.08.015-2014 风力发电场检修与维护技术导则（电控分册）,high_quality,readable_chinese_text,117,47,12,34,0,0,0,0.4017,0.0,0.0,E:\WORK\data\cleaned_text\中国华能集团有限公司2025年度风电技术监督用标准\8-风力机监督标准\QHN-1-0000.08.015-2014 风力发电场检修与维护技术导则（电控分册）\FY.json
zw,zw.pdf,中国华能集团有限公司2025年度风电技术监督用标准\8-风力机监督标准\QHN-1-0000.08.015-2014 风力发电场检修与维护技术导则（电控分册）\zw.pdf,中国华能集团有限公司2025年度风电技术监督用标准,8-风力机监督标准,QHN-1-0000.08.015-2014 风力发电场检修与维护技术导则（电控分册）,high_quality,readable_chinese_text,88211,67417,3974,6223,0,0,0,0.7643,0.0,0.0,E:\WORK\data\cleaned_text\中国华能集团有限公司2025年度风电技术监督用标准\8-风力机监督标准\QHN-1-0000.08.015-2014 风力发电场检修与维护技术导则（电控分册）\zw.json
